21912089@7.4259881/43.7389156,43.7389156,7.4259881
12571844658@7.4259055/43.7389667,43.7389667,7.4259055
7265761724@7.4258325/43.7390187,43.7390187,7.4258325
1079750744@7.4257949/43.7390515,43.7390515,7.4257949
2104793864@7.4257668/43.7390784,43.7390784,7.4257668
6340961560@7.4257296/43.7391205,43.7391205,7.4257296
1110560507@7.4257041/43.7391631,43.7391631,7.4257041
12571844657@7.4256877/43.7392043,43.7392043,7.4256877
21912093@7.4256762/43.7392435,43.7392435,7.4256762
6340961559@7.4256755/43.7392799,43.7392799,7.4256755
21912095@7.4256829/43.7393282,43.7393282,7.4256829
7265762803@7.4256972/43.7393746,43.7393746,7.4256972
2104793866@7.4257083/43.7394273,43.7394273,7.4257083
6340961561@7.4257117/43.7394671,43.7394671,7.4257117
5603088200@7.4256947/43.7395025,43.7395025,7.4256947
6340961562@7.4256666/43.7395255,43.7395255,7.4256666
21912097@7.4256163/43.7395534,43.7395534,7.4256163
10665602337@7.4255146/43.7395762,43.7395762,7.4255146
11146701059@7.4252293/43.7396860,43.739686,7.4252293
21912099@7.4251499/43.7397216,43.7397216,7.4251499
25192130@7.4221705/43.7328624,43.7328624,7.4221705
6444966483@7.4221442/43.7328884,43.7328884,7.4221442
1737389127@7.4220977/43.7329405,43.7329405,7.4220977
6444966484@7.4220619/43.7329826,43.7329826,7.4220619
6444966485@7.4220273/43.7330228,43.7330228,7.4220273
6340961554@7.4219845/43.7330761,43.7330761,7.4219845
6444966486@7.4219743/43.7330913,43.7330913,7.4219743
6444966487@7.4219448/43.7331352,43.7331352,7.4219448
1074585009@7.4218620/43.7331969,43.7331969,7.421862
25193709@7.4203389/43.7322395,43.7322395,7.4203389
4937556534@7.4203508/43.7322660,43.732266,7.4203508
6522289648@7.4203584/43.7322873,43.7322873,7.4203584
6522289649@7.4203594/43.7323131,43.7323131,7.4203594
4937556535@7.4203526/43.7323400,43.73234,7.4203526
25194146@7.4202234/43.7326573,43.7326573,7.4202234
252362324@7.4201160/43.7329147,43.7329147,7.420116
25194196@7.4200543/43.7330672,43.7330672,7.4200543
96050956@7.4235053/43.7310861,43.7310861,7.4235053
280487341@7.4237538/43.7311702,43.7311702,7.4237538
25182815@7.4241358/43.7312799,43.7312799,7.4241358
25181793@7.4213752/43.7306931,43.7306931,7.4213752
6445480823@7.4214469/43.7306751,43.7306751,7.4214469
6445480821@7.4215312/43.7306668,43.7306668,7.4215312
25181798@7.4216336/43.7306200,43.73062,7.4216336
4547239706@7.4217824/43.7304946,43.7304946,7.4217824
1074584836@7.4218743/43.7303857,43.7303857,7.4218743
1074584788@7.4219881/43.7302481,43.7302481,7.4219881
1074584924@7.4221307/43.7301138,43.7301138,7.4221307
256411950@7.4222272/43.7300436,43.7300436,7.4222272
25181806@7.4223806/43.7299372,43.7299372,7.4223806
25191634@7.4234484/43.7326800,43.73268,7.4234484
25191336@7.4235413/43.7326981,43.7326981,7.4235413
25191287@7.4245672/43.7329107,43.7329107,7.4245672
1079045385@7.4251026/43.7330219,43.7330219,7.4251026
1738399812@7.4251472/43.7330294,43.7330294,7.4251472
25191338@7.4251814/43.7330313,43.7330313,7.4251814
25191904@7.4220576/43.7321018,43.7321018,7.4220576
4940692939@7.4221642/43.7321179,43.7321179,7.4221642
4940692940@7.4222714/43.7321316,43.7321316,7.4222714
1573123086@7.4223791/43.7321425,43.7321425,7.4223791
25191508@7.4273553/43.7329696,43.7329696,7.4273553
25191502@7.4275506/43.7329977,43.7329977,7.4275506
1690130866@7.4221175/43.7370216,43.7370216,7.4221175
1738360321@7.4218098/43.7370091,43.7370091,7.4218098
1738360319@7.4217142/43.7370003,43.7370003,7.4217142
6444966511@7.4214168/43.7365583,43.7365583,7.4214168
3883559147@7.4214282/43.7365936,43.7365936,7.4214282
1738360184@7.4214358/43.7366551,43.7366551,7.4214358
1738360227@7.4214373/43.7366814,43.7366814,7.4214373
6485591429@7.4214380/43.7366986,43.7366986,7.421438
1726583874@7.4214387/43.7367163,43.7367163,7.4214387
1738360234@7.4214324/43.7367366,43.7367366,7.4214324
1690130853@7.4214163/43.7367553,43.7367553,7.4214163
1738360238@7.4214015/43.7367666,43.7367666,7.4214015
25193385@7.4213797/43.7367770,43.736777,7.4213797
1738360250@7.4213574/43.7367838,43.7367838,7.4213574
1726583899@7.4213254/43.7367877,43.7367877,7.4213254
1738360251@7.4213029/43.7367888,43.7367888,7.4213029
1726583776@7.4212702/43.7367888,43.7367888,7.4212702
1738360241@7.4212268/43.7367819,43.7367819,7.4212268
25193390@7.4211593/43.7367707,43.7367707,7.4211593
1918966551@7.4180114/43.7326244,43.7326244,7.4180114
1079045459@7.4178064/43.7323416,43.7323416,7.4178064
6480060598@7.4175692/43.7320135,43.7320135,7.4175692
4940692951@7.4175544/43.7319944,43.7319944,7.4175544
1074584672@7.4125268/43.7287070,43.728707,7.4125268
1074584802@7.4125659/43.7288062,43.7288062,7.4125659
1074585045@7.4125930/43.7288654,43.7288654,7.412593
1074584681@7.4126642/43.7289979,43.7289979,7.4126642
10197393646@7.4126882/43.7290454,43.7290454,7.4126882
4453069962@7.4127488/43.7291332,43.7291332,7.4127488
4453073043@7.4128042/43.7292053,43.7292053,7.4128042
918118157@7.4264312/43.7378674,43.7378674,7.4264312
21912962@7.4269003/43.7379155,43.7379155,7.4269003
25198656@7.4195993/43.7376460,43.737646,7.4195993
8733465493@7.4195228/43.7377011,43.7377011,7.4195228
25238669@7.4194711/43.7377612,43.7377612,7.4194711
25238712@7.4193334/43.7381654,43.7381654,7.4193334
25238738@7.4192574/43.7382684,43.7382684,7.4192574
1870233795@7.4192151/43.7383443,43.7383443,7.4192151
25238744@7.4192093/43.7383761,43.7383761,7.4192093
8733488634@7.4192069/43.7384107,43.7384107,7.4192069
25197985@7.4192226/43.7384596,43.7384596,7.4192226
6485591925@7.4254946/43.7372239,43.7372239,7.4254946
1736929660@7.4261751/43.7373052,43.7373052,7.4261751
9416148858@7.4265153/43.7373587,43.7373587,7.4265153
1720683731@7.4268435/43.7374191,43.7374191,7.4268435
6485591919@7.4273074/43.7375321,43.7375321,7.4273074
1699777574@7.4272971/43.7397122,43.7397122,7.4272971
11146700934@7.4274015/43.7398154,43.7398154,7.4274015
1736929703@7.4274990/43.7399097,43.7399097,7.427499
272637923@7.4275372/43.7399476,43.7399476,7.4275372
6485591888@7.4295273/43.7409524,43.7409524,7.4295273
1720684404@7.4293988/43.7409117,43.7409117,7.4293988
25240093@7.4293699/43.7408998,43.7408998,7.4293699
1720684401@7.4293503/43.7408882,43.7408882,7.4293503
1720684398@7.4293349/43.7408747,43.7408747,7.4293349
1720684395@7.4293172/43.7408554,43.7408554,7.4293172
21914573@7.4293045/43.7408308,43.7408308,7.4293045
1720684346@7.4292963/43.7408062,43.7408062,7.4292963
1720684322@7.4292952/43.7407862,43.7407862,7.4292952
1720684318@7.4292976/43.7407667,43.7407667,7.4292976
25240091@7.4293060/43.7407462,43.7407462,7.429306
1720684314@7.4293168/43.7407264,43.7407264,7.4293168
1720684310@7.4293330/43.7407043,43.7407043,7.429333
25239175@7.4293552/43.7406819,43.7406819,7.4293552
1685108323@7.4293951/43.7406434,43.7406434,7.4293951
1720684307@7.4295170/43.7405242,43.7405242,7.429517
1720684303@7.4295599/43.7404844,43.7404844,7.4295599
11802279991@7.4296048/43.7404501,43.7404501,7.4296048
1720684301@7.4296518/43.7404191,43.7404191,7.4296518
1720684299@7.4296960/43.7403844,43.7403844,7.429696
1720684297@7.4297226/43.7403628,43.7403628,7.4297226
21914666@7.4297349/43.7403489,43.7403489,7.4297349
1868723952@7.4268727/43.7416018,43.7416018,7.4268727
8829633356@7.4269316/43.7415762,43.7415762,7.4269316
6340961564@7.4269855/43.7415355,43.7415355,7.4269855
1699777832@7.4270226/43.7414865,43.7414865,7.4270226
21917383@7.4270431/43.7414202,43.7414202,7.4270431
6340961565@7.4270401/43.7413676,43.7413676,7.4270401
25242840@7.4270167/43.7413101,43.7413101,7.4270167
25242841@7.4268670/43.7410962,43.7410962,7.426867
6340961566@7.4268355/43.7410148,43.7410148,7.4268355
21917400@7.4268222/43.7409408,43.7409408,7.4268222
6340961567@7.4268240/43.7408746,43.7408746,7.426824
25242842@7.4268400/43.7408114,43.7408114,7.42684
6340961568@7.4268708/43.7407607,43.7407607,7.4268708
25242844@7.4269220/43.7406983,43.7406983,7.426922
6340961569@7.4269959/43.7406479,43.7406479,7.4269959
21917445@7.4270609/43.7406136,43.7406136,7.4270609
272637723@7.4271043/43.7405915,43.7405915,7.4271043
272637784@7.4274367/43.7404503,43.7404503,7.4274367
25242845@7.4274806/43.7404301,43.7404301,7.4274806
1794111172@7.4275773/43.7403705,43.7403705,7.4275773
1204288391@7.4276726/43.7402742,43.7402742,7.4276726
9532804376@7.4277046/43.7402188,43.7402188,7.4277046
21914841@7.4277541/43.7401666,43.7401666,7.4277541
1079751501@7.4306447/43.7428212,43.7428212,7.4306447
1685062049@7.4306594/43.7428907,43.7428907,7.4306594
10665719662@7.4306761/43.7429711,43.7429711,7.4306761
25242930@7.4307084/43.7430690,43.743069,7.4307084
10665719661@7.4307735/43.7432119,43.7432119,7.4307735
1685062094@7.4308515/43.7433450,43.743345,7.4308515
1864130082@7.4310609/43.7481020,43.748102,7.4310609
25243187@7.4310536/43.7480623,43.7480623,7.4310536
4874757523@7.4310567/43.7480162,43.7480162,7.4310567
21921503@7.4310762/43.7479838,43.7479838,7.4310762
5898780724@7.4312087/43.7478240,43.747824,7.4312087
25243186@7.4312406/43.7477740,43.747774,7.4312406
25243185@7.4313477/43.7475379,43.7475379,7.4313477
1871563598@7.4313584/43.7475035,43.7475035,7.4313584
5898780721@7.4313675/43.7474585,43.7474585,7.4313675
21921482@7.4313676/43.7474219,43.7474219,7.4313676
5898780722@7.4313564/43.7473661,43.7473661,7.4313564
25243184@7.4313370/43.7473126,43.7473126,7.431337
5898780719@7.4311891/43.7470637,43.7470637,7.4311891
21932570@7.4311584/43.7470345,43.7470345,7.4311584
5898780718@7.4311171/43.7470086,43.7470086,7.4311171
25243183@7.4310735/43.7470012,43.7470012,7.4310735
5898780717@7.4310222/43.7470051,43.7470051,7.4310222
25238528@7.4309766/43.7470216,43.7470216,7.4309766
21921471@7.4309429/43.7470475,43.7470475,7.4309429
5898780716@7.4309248/43.7470792,43.7470792,7.4309248
5898780715@7.4309195/43.7471135,43.7471135,7.4309195
25238530@7.4309229/43.7471532,43.7471532,7.4309229
25243200@7.4309887/43.7472819,43.7472819,7.4309887
1871563580@7.4310725/43.7474358,43.7474358,7.4310725
1871563582@7.4310800/43.7474713,43.7474713,7.43108
1871563610@7.4310741/43.7475220,43.747522,7.4310741
1871563613@7.4310481/43.7475752,43.7475752,7.4310481
1871563617@7.4310178/43.7476142,43.7476142,7.4310178
1871563619@7.4309594/43.7476533,43.7476533,7.4309594
1871563622@7.4308659/43.7476797,43.7476797,7.4308659
11157427289@7.4308033/43.7476880,43.747688,7.4308033
21921299@7.4307478/43.7476953,43.7476953,7.4307478
21918402@7.4285224/43.7435476,43.7435476,7.4285224
4938970031@7.4284337/43.7435506,43.7435506,7.4284337
25243367@7.4283043/43.7435426,43.7435426,7.4283043
10723812915@7.4282274/43.7435207,43.7435207,7.4282274
25243368@7.4281517/43.7434939,43.7434939,7.4281517
10723812914@7.4280779/43.7434543,43.7434543,7.4280779
25243369@7.4280190/43.7434159,43.7434159,7.428019
10723812916@7.4279653/43.7433629,43.7433629,7.4279653
25243370@7.4279208/43.7433050,43.743305,7.4279208
2189614162@7.4277553/43.7429651,43.7429651,7.4277553
25243371@7.4277383/43.7429274,43.7429274,7.4277383
12438880863@7.4276282/43.7426989,43.7426989,7.4276282
25243372@7.4276228/43.7426878,43.7426878,7.4276228
9532495604@7.4276275/43.7426430,43.742643,7.4276275
9532495605@7.4276637/43.7425800,43.74258,7.4276637
25243373@7.4276637/43.7425264,43.7425264,7.4276637
25243374@7.4276329/43.7424746,43.7424746,7.4276329
25243374@7.4276329/43.7424746,43.7424746,7.4276329
25243375@7.4276011/43.7424396,43.7424396,7.4276011
9532495606@7.4275639/43.7424095,43.7424095,7.4275639
1079751360@7.4275190/43.7423951,43.7423951,7.427519
10723812917@7.4274603/43.7423936,43.7423936,7.4274603
25243376@7.4274124/43.7423838,43.7423838,7.4274124
12560730594@7.4273614/43.7423601,43.7423601,7.4273614
25243377@7.4273484/43.7423541,43.7423541,7.4273484
764646114@7.4270830/43.7421642,43.7421642,7.427083
1880126683@7.4269537/43.7420698,43.7420698,7.4269537
967714534@7.4268924/43.7420234,43.7420234,7.4268924
1079750172@7.4268229/43.7419454,43.7419454,7.4268229
25243378@7.4267865/43.7418735,43.7418735,7.4267865
25243379@7.4267880/43.7418214,43.7418214,7.426788
25243381@7.4267962/43.7417519,43.7417519,7.4267962
1868723925@7.4267905/43.7416842,43.7416842,7.4267905
11407697331@7.4280368/43.7378020,43.737802,7.4280368
11409061518@7.4281757/43.7378538,43.7378538,7.4281757
279442967@7.4283118/43.7379094,43.7379094,7.4283118
11409061519@7.4284448/43.7379687,43.7379687,7.4284448
9416148963@7.4285746/43.7380316,43.7380316,7.4285746
11409061520@7.4287010/43.7380981,43.7380981,7.428701
9416148980@7.4288239/43.7381679,43.7381679,7.4288239
11409061521@7.4289429/43.7382411,43.7382411,7.4289429
1736929676@7.4290580/43.7383175,43.7383175,7.429058
6485591907@7.4291984/43.7384192,43.7384192,7.4291984
21914359@7.4293318/43.7385256,43.7385256,7.4293318
6485591906@7.4294579/43.7386365,43.7386365,7.4294579
2264703507@7.4295765/43.7387517,43.7387517,7.4295765
25239162@7.4296871/43.7388710,43.738871,7.4296871
6485591905@7.4297897/43.7389939,43.7389939,7.4297897
9416148986@7.4298839/43.7391203,43.7391203,7.4298839
1720684274@7.4299695/43.7392499,43.7392499,7.4299695
6485591903@7.4300464/43.7393823,43.7393823,7.4300464
21914381@7.4301143/43.7395172,43.7395172,7.4301143
1280338640@7.4301731/43.7396543,43.7396543,7.4301731
6485591901@7.4302226/43.7397934,43.7397934,7.4302226
6485591900@7.4302628/43.7399340,43.739934,7.4302628
1720684293@7.4302935/43.7400758,43.7400758,7.4302935
6566017213@7.4303146/43.7402186,43.7402186,7.4303146
12136114443@7.4303209/43.7402961,43.7402961,7.4303209
519323656@7.4303262/43.7403619,43.7403619,7.4303262
4424273194@7.4215385/43.7403639,43.7403639,7.4215385
1690189886@7.4217999/43.7406083,43.7406083,7.4217999
1878857744@7.4220497/43.7408490,43.740849,7.4220497
642295524@7.4228139/43.7415765,43.7415765,7.4228139
1352289846@7.4259878/43.7450212,43.7450212,7.4259878
1352289834@7.4271042/43.7461353,43.7461353,7.4271042
1352289859@7.4296806/43.7483461,43.7483461,7.4296806
8762145226@7.4319050/43.7500695,43.7500695,7.431905
1352289871@7.4337256/43.7512152,43.7512152,7.4337256
1352289872@7.4347921/43.7517252,43.7517252,7.4347921
1352289939@7.4364449/43.7524634,43.7524634,7.4364449
642295571@7.4378046/43.7529636,43.7529636,7.4378046
1352289867@7.4392854/43.7533755,43.7533755,7.4392854
8762145224@7.4404103/43.7536325,43.7536325,7.4404103
1352289874@7.4415141/43.7538105,43.7538105,7.4415141
1352289862@7.4427554/43.7539174,43.7539174,7.4427554
1352289936@7.4455825/43.7539659,43.7539659,7.4455825
1352289875@7.4461445/43.7539882,43.7539882,7.4461445
1352289881@7.4468115/43.7540628,43.7540628,7.4468115
8762139302@7.4471225/43.7541130,43.754113,7.4471225
1352289905@7.4473972/43.7541653,43.7541653,7.4473972
8762145146@7.4477085/43.7542447,43.7542447,7.4477085
33014412@7.4479789/43.7543448,43.7543448,7.4479789
25198559@7.4190334/43.7382617,43.7382617,7.4190334
8733488630@7.4190028/43.7381669,43.7381669,7.4190028
10665475087@7.4189999/43.7381194,43.7381194,7.4189999
1079751574@7.4190047/43.7380812,43.7380812,7.4190047
3883559295@7.4190225/43.7380289,43.7380289,7.4190225
3883559294@7.4190532/43.7379714,43.7379714,7.4190532
25198576@7.4190909/43.7379227,43.7379227,7.4190909
8733488631@7.4191449/43.7378641,43.7378641,7.4191449
25198621@7.4192098/43.7378146,43.7378146,7.4192098
6471920432@7.4194207/43.7377094,43.7377094,7.4194207
25198656@7.4195993/43.7376460,43.737646,7.4195993
25193390@7.4211593/43.7367707,43.7367707,7.4211593
280488113@7.4210726/43.7367089,43.7367089,7.4210726
1878844644@7.4209803/43.7366235,43.7366235,7.4209803
6696346967@7.4209318/43.7365850,43.736585,7.4209318
25195173@7.4206536/43.7363642,43.7363642,7.4206536
25195221@7.4200957/43.7358991,43.7358991,7.4200957
9153994021@7.4198022/43.7356153,43.7356153,7.4198022
3883559129@7.4196581/43.7354786,43.7354786,7.4196581
25194134@7.4195648/43.7353926,43.7353926,7.4195648
25194120@7.4194465/43.7352804,43.7352804,7.4194465
5990705538@7.4193205/43.7351534,43.7351534,7.4193205
263074910@7.4192476/43.7350788,43.7350788,7.4192476
11158309961@7.4190596/43.7348869,43.7348869,7.4190596
11158309960@7.4188460/43.7346458,43.7346458,7.418846
1204288447@7.4187002/43.7344704,43.7344704,7.4187002
263075529@7.4186448/43.7344035,43.7344035,7.4186448
25194448@7.4185972/43.7343518,43.7343518,7.4185972
25194434@7.4185584/43.7343016,43.7343016,7.4185584
25194413@7.4185417/43.7342778,43.7342778,7.4185417
21914340@7.4231414/43.7369886,43.7369886,7.4231414
21914341@7.4233732/43.7370100,43.73701,7.4233732
1738369869@7.4238368/43.7370660,43.737066,7.4238368
1770577834@7.4240483/43.7370881,43.7370881,7.4240483
25239159@7.4247736/43.7371579,43.7371579,7.4247736
5601806444@7.4249187/43.7371701,43.7371701,7.4249187
2422123074@7.4253078/43.7372056,43.7372056,7.4253078
6485591925@7.4254946/43.7372239,43.7372239,7.4254946
273245503@7.4301626/43.7417650,43.741765,7.4301626
1736937908@7.4301111/43.7417775,43.7417775,7.4301111
1736937913@7.4300810/43.7417920,43.741792,7.430081
1736937921@7.4300450/43.7418190,43.741819,7.430045
273245999@7.4300165/43.7418430,43.741843,7.4300165
9239193015@7.4299752/43.7418810,43.741881,7.4299752
9239193019@7.4299519/43.7419175,43.7419175,7.4299519
273246000@7.4299447/43.7419627,43.7419627,7.4299447
273246211@7.4297697/43.7410018,43.7410018,7.4297697
10687075416@7.4298058/43.7410152,43.7410152,7.4298058
6485591889@7.4298386/43.7410327,43.7410327,7.4298386
10687075417@7.4298760/43.7410524,43.7410524,7.429876
1720684411@7.4299141/43.7410665,43.7410665,7.4299141
6485591890@7.4299652/43.7410805,43.7410805,7.4299652
6485591891@7.4300212/43.7410923,43.7410923,7.4300212
273246212@7.4300992/43.7411045,43.7411045,7.4300992
273246269@7.4301265/43.7411082,43.7411082,7.4301265
6485591893@7.4301739/43.7411007,43.7411007,7.4301739
1720684415@7.4302126/43.7410911,43.7410911,7.4302126
273246356@7.4302530/43.7410743,43.7410743,7.430253
1720684413@7.4302835/43.7410527,43.7410527,7.4302835
1074584981@7.4303071/43.7410294,43.7410294,7.4303071
6485591894@7.4303243/43.7410064,43.7410064,7.4303243
1737114566@7.4303392/43.7409721,43.7409721,7.4303392
1685061923@7.4303598/43.7408882,43.7408882,7.4303598
21912089@7.4259881/43.7389156,43.7389156,7.4259881
11449741815@7.4260900/43.7388571,43.7388571,7.42609
1110560521@7.4262495/43.7387673,43.7387673,7.4262495
9153994022@7.4263616/43.7387118,43.7387118,7.4263616
1110560516@7.4265116/43.7386376,43.7386376,7.4265116
9416148722@7.4267281/43.7385174,43.7385174,7.4267281
1737326497@7.4267889/43.7384836,43.7384836,7.4267889
21911969@7.4268360/43.7384518,43.7384518,7.426836
1737326467@7.4268673/43.7384267,43.7384267,7.4268673
12571844659@7.4268928/43.7384013,43.7384013,7.4268928
21911954@7.4269176/43.7383687,43.7383687,7.4269176
1737326444@7.4269321/43.7383452,43.7383452,7.4269321
12571844660@7.4269448/43.7383104,43.7383104,7.4269448
1110560509@7.4269541/43.7382767,43.7382767,7.4269541
1737326414@7.4269578/43.7382500,43.73825,7.4269578
12571844661@7.4269588/43.7382152,43.7382152,7.4269588
21911908@7.4269542/43.7381870,43.738187,7.4269542
1737326398@7.4269455/43.7381623,43.7381623,7.4269455
1737326395@7.4269336/43.7381388,43.7381388,7.4269336
1110560543@7.4269187/43.7381161,43.7381161,7.4269187
12571844662@7.4268990/43.7380899,43.7380899,7.426899
1737326367@7.4268746/43.7380647,43.7380647,7.4268746
12571844663@7.4268527/43.7380438,43.7380438,7.4268527
1074584887@7.4268275/43.7380236,43.7380236,7.4268275
1737326331@7.4267945/43.7379989,43.7379989,7.4267945
1726583881@7.4267663/43.7379801,43.7379801,7.4267663
1737326313@7.4267324/43.7379624,43.7379624,7.4267324
12571844664@7.4266749/43.7379386,43.7379386,7.4266749
1737326309@7.4266246/43.7379224,43.7379224,7.4266246
918118157@7.4264312/43.7378674,43.7378674,7.4264312
1685061923@7.4303598/43.7408882,43.7408882,7.4303598
1736937730@7.4303860/43.7409695,43.7409695,7.430386
1736937752@7.4304009/43.7411698,43.7411698,7.4304009
7526620529@7.4304014/43.7411788,43.7411788,7.4304014
273246214@7.4304202/43.7413155,43.7413155,7.4304202
280703044@7.4127100/43.7320988,43.7320988,7.41271
280703043@7.4128036/43.7321384,43.7321384,7.4128036
1780610182@7.4128939/43.7322013,43.7322013,7.4128939
280703042@7.4129309/43.7322261,43.7322261,7.4129309
1780610184@7.4129573/43.7322660,43.732266,7.4129573
1074584729@7.4129671/43.7323059,43.7323059,7.4129671
1780610185@7.4129595/43.7324136,43.7324136,7.4129595
280703041@7.4129583/43.7324695,43.7324695,7.4129583
280703040@7.4129858/43.7325544,43.7325544,7.4129858
280703039@7.4130181/43.7327181,43.7327181,7.4130181
1780610190@7.4130272/43.7328450,43.732845,7.4130272
280703038@7.4130127/43.7329781,43.7329781,7.4130127
1780610192@7.4129875/43.7330477,43.7330477,7.4129875
280703037@7.4129616/43.7331069,43.7331069,7.4129616
280703036@7.4129160/43.7331874,43.7331874,7.412916
1780610196@7.4129055/43.7332234,43.7332234,7.4129055
280703035@7.4129051/43.7332602,43.7332602,7.4129051
280703033@7.4129113/43.7333003,43.7333003,7.4129113
1780610203@7.4129321/43.7333361,43.7333361,7.4129321
280703047@7.4129924/43.7334210,43.733421,7.4129924
258072009@7.4250137/43.7406818,43.7406818,7.4250137
1690205048@7.4250641/43.7408023,43.7408023,7.4250641
4438769955@7.4250862/43.7408525,43.7408525,7.4250862
4970587859@7.4251557/43.7409591,43.7409591,7.4251557
4970587858@7.4251841/43.7410238,43.7410238,7.4251841
258072011@7.4251924/43.7410530,43.741053,7.4251924
4970587879@7.4251892/43.7410812,43.7410812,7.4251892
4970587860@7.4251719/43.7411060,43.741106,7.4251719
258071979@7.4251449/43.7411231,43.7411231,7.4251449
258072016@7.4244852/43.7403809,43.7403809,7.4244852
258071983@7.4243836/43.7402682,43.7402682,7.4243836
258071984@7.4242946/43.7401883,43.7401883,7.4242946
519323656@7.4303262/43.7403619,43.7403619,7.4303262
1685061923@7.4303598/43.7408882,43.7408882,7.4303598
10688011486@7.4350996/43.7481679,43.7481679,7.4350996
9400287693@7.4350561/43.7481186,43.7481186,7.4350561
4939084248@7.4350196/43.7480721,43.7480721,7.4350196
1079750973@7.4349596/43.7479669,43.7479669,7.4349596
1079750688@7.4348858/43.7478364,43.7478364,7.4348858
9400287689@7.4348467/43.7477890,43.747789,7.4348467
1079751177@7.4347929/43.7477430,43.747743,7.4347929
1079750504@7.4347366/43.7477096,43.7477096,7.4347366
9582163378@7.4346960/43.7476853,43.7476853,7.434696
25242950@7.4341834/43.7473814,43.7473814,7.4341834
1079751204@7.4341117/43.7473392,43.7473392,7.4341117
267985353@7.4297438/43.7413520,43.741352,7.4297438
1736930374@7.4297561/43.7412042,43.7412042,7.4297561
9239193025@7.4297690/43.7410281,43.7410281,7.429769
273246211@7.4297697/43.7410018,43.7410018,7.4297697
477617968@7.4222843/43.7327623,43.7327623,7.4222843
25192130@7.4221705/43.7328624,43.7328624,7.4221705
257158605@7.4173557/43.7372467,43.7372467,7.4173557
3883559264@7.4173422/43.7372013,43.7372013,7.4173422
252421665@7.4173356/43.7371674,43.7371674,7.4173356
25198791@7.4181048/43.7375494,43.7375494,7.4181048
826809707@7.4180272/43.7375137,43.7375137,7.4180272
826809715@7.4179452/43.7374376,43.7374376,7.4179452
826809732@7.4178597/43.7373792,43.7373792,7.4178597
10665475081@7.4178124/43.7373564,43.7373564,7.4178124
826809704@7.4177628/43.7373395,43.7373395,7.4177628
826809711@7.4176530/43.7373119,43.7373119,7.417653
25199254@7.4176890/43.7371797,43.7371797,7.417689
826809708@7.4177206/43.7372115,43.7372115,7.4177206
8733320335@7.4177337/43.7372254,43.7372254,7.4177337
826809735@7.4177406/43.7372448,43.7372448,7.4177406
3883559268@7.4177349/43.7372618,43.7372618,7.4177349
8733320334@7.4177211/43.7372805,43.7372805,7.4177211
8733320336@7.4177079/43.7372895,43.7372895,7.4177079
826809720@7.4176921/43.7372960,43.737296,7.4176921
826809711@7.4176530/43.7373119,43.7373119,7.417653
384587170@7.4280458/43.7332532,43.7332532,7.4280458
9447253658@7.4281204/43.7332438,43.7332438,7.4281204
9447253657@7.4281960/43.7332423,43.7332423,7.428196
384731141@7.4282712/43.7332487,43.7332487,7.4282712
9447253656@7.4283443/43.7332629,43.7332629,7.4283443
384587173@7.4284138/43.7332844,43.7332844,7.4284138
9447253654@7.4284783/43.7333130,43.733313,7.4284783
9447253655@7.4285365/43.7333481,43.7333481,7.4285365
384587175@7.4285870/43.7333887,43.7333887,7.428587
25191478@7.4279580/43.7328122,43.7328122,7.427958
1702432069@7.4279823/43.7327468,43.7327468,7.4279823
25191471@7.4279844/43.7326729,43.7326729,7.4279844
25191463@7.4279534/43.7325962,43.7325962,7.4279534
25197679@7.4196733/43.7388253,43.7388253,7.4196733
3883559331@7.4196021/43.7388281,43.7388281,7.4196021
10665501705@7.4195309/43.7388220,43.738822,7.4195309
1079750450@7.4194594/43.7388014,43.7388014,7.4194594
25197686@7.4193949/43.7387608,43.7387608,7.4193949
8703084455@7.4193122/43.7386936,43.7386936,7.4193122
25198472@7.4192668/43.7386535,43.7386535,7.4192668
25191494@7.4276947/43.7329804,43.7329804,7.4276947
25191484@7.4277231/43.7329715,43.7329715,7.4277231
918118142@7.4252100/43.7374505,43.7374505,7.42521
1869953312@7.4237917/43.7375487,43.7375487,7.4237917
279443211@7.4264707/43.7374911,43.7374911,7.4264707
1720683819@7.4262637/43.7374701,43.7374701,7.4262637
4940452489@7.4260597/43.7374531,43.7374531,7.4260597
11414717753@7.4258769/43.7374432,43.7374432,7.4258769
1079750640@7.4257404/43.7374381,43.7374381,7.4257404
4940452490@7.4255905/43.7374365,43.7374365,7.4255905
250259424@7.4253971/43.7374401,43.7374401,7.4253971
11414717751@7.4252457/43.7374484,43.7374484,7.4252457
918118142@7.4252100/43.7374505,43.7374505,7.42521
273246003@7.4297212/43.7427919,43.7427919,7.4297212
4940452501@7.4297337/43.7426832,43.7426832,7.4297337
21918838@7.4298831/43.7417941,43.7417941,7.4298831
252828849@7.4299164/43.7415887,43.7415887,7.4299164
1074584778@7.4299391/43.7413826,43.7413826,7.4299391
1736930348@7.4299513/43.7411760,43.741176,7.4299513
6340961573@7.4299521/43.7410371,43.7410371,7.4299521
1736930335@7.4299448/43.7408812,43.7408812,7.4299448
252418705@7.4299244/43.7405561,43.7405561,7.4299244
9446115302@7.4273068/43.7376640,43.737664,7.4273068
4940452493@7.4271438/43.7376183,43.7376183,7.4271438
250259425@7.4269790/43.7375773,43.7375773,7.426979
4940452491@7.4268116/43.7375421,43.7375421,7.4268116
4940452492@7.4266420/43.7375129,43.7375129,7.426642
279443211@7.4264707/43.7374911,43.7374911,7.4264707
250259426@7.4279687/43.7379148,43.7379148,7.4279687
4940452494@7.4278087/43.7378448,43.7378448,7.4278087
3538613588@7.4276449/43.7377796,43.7377796,7.4276449
7161188098@7.4274775/43.7377193,43.7377193,7.4274775
9446115302@7.4273068/43.7376640,43.737664,7.4273068
4940452496@7.4299866/43.7440127,43.7440127,7.4299866
21918815@7.4299393/43.7439218,43.7439218,7.4299393
4940452487@7.4298963/43.7438298,43.7438298,7.4298963
4940452495@7.4298579/43.7437367,43.7437367,7.4298579
273246852@7.4298240/43.7436427,43.7436427,7.429824
21918825@7.4297948/43.7435479,43.7435479,7.4297948
2399195735@7.4184110/43.7319247,43.7319247,7.418411
1079045359@7.4198457/43.7319537,43.7319537,7.4198457
1079045454@7.4200158/43.7319654,43.7319654,7.4200158
4940582902@7.4201836/43.7319890,43.731989,7.4201836
4940582904@7.4203475/43.7320241,43.7320241,7.4203475
4940582903@7.4205059/43.7320705,43.7320705,7.4205059
1079045420@7.4206574/43.7321276,43.7321276,7.4206574
1079045420@7.4206574/43.7321276,43.7321276,7.4206574
4940582905@7.4207218/43.7321385,43.7321385,7.4207218
1079045349@7.4207880/43.7321396,43.7321396,7.420788
1870384822@7.4208532/43.7321311,43.7321311,7.4208532
1870384824@7.4210606/43.7320968,43.7320968,7.4210606
1079045459@7.4178064/43.7323416,43.7323416,7.4178064
4940692947@7.4178574/43.7323215,43.7323215,7.4178574
4940692950@7.4182648/43.7321612,43.7321612,7.4182648
4940692948@7.4182986/43.7321410,43.732141,7.4182986
4940692949@7.4183173/43.7321165,43.7321165,7.4183173
4940692946@7.4183272/43.7321022,43.7321022,7.4183272
1079045346@7.4183468/43.7320740,43.732074,7.4183468
4940452728@7.4319668/43.7465094,43.7465094,7.4319668
12421715360@7.4326049/43.7468759,43.7468759,7.4326049
3420017414@7.4328121/43.7469949,43.7469949,7.4328121
12421715357@7.4328605/43.7470233,43.7470233,7.4328605
4940452730@7.4330328/43.7471244,43.7471244,7.4330328
4940452732@7.4332380/43.7472494,43.7472494,7.433238
4940452731@7.4334566/43.7473928,43.7473928,7.4334566
4940452733@7.4336349/43.7474953,43.7474953,7.4336349
12421659773@7.4344177/43.7479471,43.7479471,7.4344177
4940452735@7.4344483/43.7479647,43.7479647,7.4344483
21919238@7.4315599/43.7462686,43.7462686,7.4315599
1079750651@7.4313779/43.7461582,43.7461582,7.4313779
1079750370@7.4311160/43.7459560,43.745956,7.431116
1079750956@7.4309865/43.7458405,43.7458405,7.4309865
1079750728@7.4308961/43.7457188,43.7457188,7.4308961
1079751567@7.4307503/43.7455581,43.7455581,7.4307503
1079751325@7.4308480/43.7454979,43.7454979,7.430848
21918790@7.4308902/43.7455253,43.7455253,7.4308902
1079750913@7.4310033/43.7456824,43.7456824,7.4310033
25242942@7.4312020/43.7459134,43.7459134,7.431202
1079750695@7.4314233/43.7461327,43.7461327,7.4314233
21919238@7.4315599/43.7462686,43.7462686,7.4315599
642353788@7.4348795/43.7476316,43.7476316,7.4348795
1079751331@7.4348707/43.7476789,43.7476789,7.4348707
9400287686@7.4348527/43.7476955,43.7476955,7.4348527
1079750198@7.4348241/43.7477122,43.7477122,7.4348241
9400287688@7.4347823/43.7477192,43.7477192,7.4347823
1079750504@7.4347366/43.7477096,43.7477096,7.4347366
25211216@7.4220391/43.7375157,43.7375157,7.4220391
4940452482@7.4218739/43.7374764,43.7374764,7.4218739
4940452484@7.4217108/43.7374328,43.7374328,7.4217108
25211267@7.4215500/43.7373850,43.737385,7.42155
4940452481@7.4213917/43.7373331,43.7373331,7.4213917
4940452483@7.4212361/43.7372770,43.737277,7.4212361
1780810197@7.4210834/43.7372170,43.737217,7.4210834
25211277@7.4209338/43.7371530,43.737153,7.4209338
25242946@7.4334133/43.7467199,43.7467199,7.4334133
1204288416@7.4335170/43.7467913,43.7467913,7.433517
10688011473@7.4336055/43.7468414,43.7468414,7.4336055
25239182@7.4278737/43.7384786,43.7384786,7.4278737
1737272391@7.4279512/43.7385330,43.738533,7.4279512
5504165634@7.4280638/43.7386121,43.7386121,7.4280638
25238698@7.4193988/43.7379362,43.7379362,7.4193988
8733465494@7.4193947/43.7379834,43.7379834,7.4193947
25238703@7.4193920/43.7380396,43.7380396,7.419392
8733465497@7.4193853/43.7380822,43.7380822,7.4193853
3883559299@7.4193710/43.7381177,43.7381177,7.419371
25238669@7.4194711/43.7377612,43.7377612,7.4194711
25238668@7.4194505/43.7377848,43.7377848,7.4194505
8733465496@7.4194308/43.7378271,43.7378271,7.4194308
25238679@7.4194167/43.7378716,43.7378716,7.4194167
8733465495@7.4194071/43.7379007,43.7379007,7.4194071
25238698@7.4193988/43.7379362,43.7379362,7.4193988
25197962@7.4196041/43.7377617,43.7377617,7.4196041
1079751228@7.4195756/43.7377976,43.7377976,7.4195756
8733465489@7.4195594/43.7378184,43.7378184,7.4195594
11909558482@7.4195480/43.7378331,43.7378331,7.419548
1079751441@7.4195374/43.7378468,43.7378468,7.4195374
3883559291@7.4195147/43.7378799,43.7378799,7.4195147
25197985@7.4192226/43.7384596,43.7384596,7.4192226
4937667917@7.4192318/43.7384896,43.7384896,7.4192318
8733488629@7.4192621/43.7385378,43.7385378,7.4192621
4937667918@7.4192917/43.7385704,43.7385704,7.4192917
4937667919@7.4193787/43.7386486,43.7386486,7.4193787
25197990@7.4194534/43.7387040,43.738704,7.4194534
1079750132@7.4195296/43.7387607,43.7387607,7.4195296
1265685594@7.4175340/43.7383079,43.7383079,7.417534
1265685498@7.4176935/43.7383364,43.7383364,7.4176935
3883559306@7.4177384/43.7383613,43.7383613,7.4177384
1265685629@7.4177733/43.7383981,43.7383981,7.4177733
3883559309@7.4177951/43.7384399,43.7384399,7.4177951
1265685505@7.4178126/43.7384936,43.7384936,7.4178126
3883559319@7.4178093/43.7385410,43.738541,7.4178093
1265685525@7.4177938/43.7385731,43.7385731,7.4177938
1265685599@7.4177321/43.7386719,43.7386719,7.4177321
1265685584@7.4176561/43.7387942,43.7387942,7.4176561
1265685540@7.4176601/43.7388313,43.7388313,7.4176601
3883559333@7.4176847/43.7388613,43.7388613,7.4176847
1265685637@7.4177295/43.7388720,43.738872,7.4177295
1265685547@7.4177818/43.7388655,43.7388655,7.4177818
1265685538@7.4178901/43.7388051,43.7388051,7.4178901
1265685625@7.4179574/43.7387639,43.7387639,7.4179574
9532542930@7.4180299/43.7387152,43.7387152,7.4180299
3883559324@7.4180865/43.7386611,43.7386611,7.4180865
1265685569@7.4181154/43.7386370,43.738637,7.4181154
1265685597@7.4182149/43.7385866,43.7385866,7.4182149
1265685589@7.4183196/43.7385343,43.7385343,7.4183196
3883559317@7.4183430/43.7385362,43.7385362,7.418343
1265685529@7.4183625/43.7385459,43.7385459,7.4183625
3883559320@7.4183730/43.7385632,43.7385632,7.418373
1265685575@7.4183705/43.7385827,43.7385827,7.4183705
1265685552@7.4183347/43.7386091,43.7386091,7.4183347
9532542929@7.4182398/43.7386399,43.7386399,7.4182398
1265685579@7.4181586/43.7386797,43.7386797,7.4181586
1265685545@7.4180996/43.7387397,43.7387397,7.4180996
9532542928@7.4180896/43.7388114,43.7388114,7.4180896
1265685632@7.4181020/43.7389185,43.7389185,7.418102
1265685620@7.4181249/43.7389682,43.7389682,7.4181249
6438988308@7.4181501/43.7389759,43.7389759,7.4181501
1570717300@7.4181954/43.7389898,43.7389898,7.4181954
1347117271@7.4198297/43.7365726,43.7365726,7.4198297
1878844645@7.4200892/43.7369504,43.7369504,7.4200892
1878844646@7.4201575/43.7370809,43.7370809,7.4201575
1878844650@7.4201985/43.7371759,43.7371759,7.4201985
1347117284@7.4202349/43.7373093,43.7373093,7.4202349
1347117303@7.4202911/43.7376732,43.7376732,7.4202911
1347117303@7.4202911/43.7376732,43.7376732,7.4202911
1690189828@7.4203651/43.7379469,43.7379469,7.4203651
1347551322@7.4203758/43.7379838,43.7379838,7.4203758
1079750450@7.4194594/43.7388014,43.7388014,7.4194594
6471920410@7.4194072/43.7388357,43.7388357,7.4194072
1690189876@7.4193676/43.7388641,43.7388641,7.4193676
1570717306@7.4190068/43.7390528,43.7390528,7.4190068
1570717311@7.4189402/43.7390667,43.7390667,7.4189402
7867823409@7.4186246/43.7391214,43.7391214,7.4186246
1570717345@7.4184295/43.7391546,43.7391546,7.4184295
1570717350@7.4183084/43.7391661,43.7391661,7.4183084
7867823408@7.4182595/43.7391557,43.7391557,7.4182595
1570717341@7.4182154/43.7391308,43.7391308,7.4182154
6438988310@7.4181964/43.7390946,43.7390946,7.4181964
1570717309@7.4181861/43.7390654,43.7390654,7.4181861
6438988312@7.4181820/43.7390543,43.7390543,7.418182
7867823407@7.4181799/43.7390235,43.7390235,7.4181799
1570717300@7.4181954/43.7389898,43.7389898,7.4181954
25201047@7.4134810/43.7319548,43.7319548,7.413481
8829633354@7.4134866/43.7320412,43.7320412,7.4134866
3441947232@7.4134971/43.7322431,43.7322431,7.4134971
10665475073@7.4135041/43.7323750,43.732375,7.4135041
25201053@7.4135170/43.7325389,43.7325389,7.413517
456295779@7.4135541/43.7328469,43.7328469,7.4135541
25200462@7.4135989/43.7331622,43.7331622,7.4135989
3013026444@7.4136193/43.7332771,43.7332771,7.4136193
3242610080@7.4136293/43.7333018,43.7333018,7.4136293
3242610063@7.4136512/43.7333427,43.7333427,7.4136512
374098943@7.4104159/43.7313545,43.7313545,7.4104159
440135618@7.4110322/43.7315753,43.7315753,7.4110322
374098946@7.4112256/43.7316350,43.731635,7.4112256
374098949@7.4113635/43.7316660,43.731666,7.4113635
374098950@7.4115803/43.7317000,43.7317,7.4115803
1074584579@7.4117964/43.7317032,43.7317032,7.4117964
374098952@7.4121647/43.7316767,43.7316767,7.4121647
374098954@7.4123157/43.7316894,43.7316894,7.4123157
374098955@7.4124798/43.7317491,43.7317491,7.4124798
3241468403@7.4125613/43.7318029,43.7318029,7.4125613
374101670@7.4083647/43.7289641,43.7289641,7.4083647
9404275023@7.4083512/43.7290112,43.7290112,7.4083512
9404275022@7.4083532/43.7290659,43.7290659,7.4083532
1675201532@7.4083739/43.7291206,43.7291206,7.4083739
1675201535@7.4084111/43.7292263,43.7292263,7.4084111
9404275021@7.4084457/43.7293159,43.7293159,7.4084457
1675201537@7.4084857/43.7293872,43.7293872,7.4084857
9404275020@7.4085443/43.7294788,43.7294788,7.4085443
4970548842@7.4086036/43.7295764,43.7295764,7.4086036
1675201538@7.4087551/43.7298028,43.7298028,7.4087551
6482705870@7.4088688/43.7299788,43.7299788,7.4088688
3416090599@7.4216028/43.7403292,43.7403292,7.4216028
2440530688@7.4218601/43.7405768,43.7405768,7.4218601
2440530755@7.4221149/43.7408045,43.7408045,7.4221149
2440530727@7.4228726/43.7415602,43.7415602,7.4228726
2440530723@7.4260390/43.7449930,43.744993,7.426039
2440530653@7.4271548/43.7461052,43.7461052,7.4271548
2440530733@7.4297431/43.7483063,43.7483063,7.4297431
8762145225@7.4319506/43.7500405,43.7500405,7.4319506
2440530739@7.4337610/43.7511807,43.7511807,7.433761
2440530666@7.4348246/43.7516892,43.7516892,7.4348246
2440530757@7.4364620/43.7524178,43.7524178,7.436462
2440530731@7.4378166/43.7529195,43.7529195,7.4378166
2440530695@7.4393078/43.7533341,43.7533341,7.4393078
8762145223@7.4404478/43.7535783,43.7535783,7.4404478
2440530762@7.4415421/43.7537584,43.7537584,7.4415421
2440530690@7.4427599/43.7538631,43.7538631,7.4427599
2440530766@7.4455628/43.7539174,43.7539174,7.4455628
2440530656@7.4461367/43.7539444,43.7539444,7.4461367
2440530658@7.4468192/43.7540204,43.7540204,7.4468192
8762139301@7.4471332/43.7540684,43.7540684,7.4471332
2440530660@7.4474055/43.7541207,43.7541207,7.4474055
8762145145@7.4477220/43.7542041,43.7542041,7.447722
2440530720@7.4480038/43.7543180,43.754318,7.4480038
21917586@7.4239342/43.7399395,43.7399395,7.4239342
1079750859@7.4240395/43.7399624,43.7399624,7.4240395
1079751108@7.4242892/43.7400880,43.740088,7.4242892
6152414422@7.4243790/43.7401224,43.7401224,7.424379
1690130866@7.4221175/43.7370216,43.7370216,7.4221175
1726583800@7.4225510/43.7370662,43.7370662,7.422551
1737366158@7.4227661/43.7370944,43.7370944,7.4227661
6485591442@7.4227884/43.7370980,43.737098,7.4227884
21911883@7.4229093/43.7371175,43.7371175,7.4229093
1737366161@7.4231363/43.7371615,43.7371615,7.4231363
6485591443@7.4231444/43.7371633,43.7371633,7.4231444
21911886@7.4234985/43.7372399,43.7372399,7.4234985
11449741814@7.4236087/43.7372639,43.7372639,7.4236087
5601806432@7.4236281/43.7372681,43.7372681,7.4236281
6485591445@7.4237413/43.7372923,43.7372923,7.4237413
252387589@7.4240136/43.7373476,43.7373476,7.4240136
21917445@7.4270609/43.7406136,43.7406136,7.4270609
1204288305@7.4271661/43.7406985,43.7406985,7.4271661
11146701024@7.4276654/43.7411907,43.7411907,7.4276654
1204288385@7.4278578/43.7413801,43.7413801,7.4278578
252417946@7.4280815/43.7416059,43.7416059,7.4280815
12421715694@7.4283093/43.7418409,43.7418409,7.4283093
1789813051@7.4283873/43.7419214,43.7419214,7.4283873
1789813052@7.4284263/43.7419872,43.7419872,7.4284263
1789813053@7.4284853/43.7421636,43.7421636,7.4284853
9532804379@7.4284862/43.7422493,43.7422493,7.4284862
1204288501@7.4285174/43.7423514,43.7423514,7.4285174
7841390730@7.4285482/43.7424396,43.7424396,7.4285482
252418107@7.4288349/43.7431913,43.7431913,7.4288349
1204288350@7.4291274/43.7437824,43.7437824,7.4291274
9532804381@7.4293005/43.7441724,43.7441724,7.4293005
9532804382@7.4294749/43.7444824,43.7444824,7.4294749
252418108@7.4295597/43.7445960,43.744596,7.4295597
3460506730@7.4296196/43.7446502,43.7446502,7.4296196
1079751084@7.4297334/43.7447533,43.7447533,7.4297334
3460506736@7.4301093/43.7450514,43.7450514,7.4301093
1079750854@7.4305027/43.7453643,43.7453643,7.4305027
252418109@7.4305742/43.7454269,43.7454269,7.4305742
1079751575@7.4306594/43.7454678,43.7454678,7.4306594
21912099@7.4251499/43.7397216,43.7397216,7.4251499
4317081672@7.4251861/43.7397912,43.7397912,7.4251861
280489924@7.4251916/43.7398009,43.7398009,7.4251916
1699777655@7.4252814/43.7399449,43.7399449,7.4252814
3013026461@7.4254724/43.7402526,43.7402526,7.4254724
25240090@7.4255183/43.7402996,43.7402996,7.4255183
21915639@7.4256003/43.7404449,43.7404449,7.4256003
267985520@7.4298880/43.7402056,43.7402056,7.429888
11409061504@7.4298655/43.7400324,43.7400324,7.4298655
4664149115@7.4298286/43.7398605,43.7398605,7.4298286
11409061503@7.4297775/43.7396905,43.7396905,7.4297775
250259418@7.4297124/43.7395230,43.739523,7.4297124
11409061502@7.4296334/43.7393587,43.7393587,7.4296334
4664149113@7.4295410/43.7391981,43.7391981,7.429541
11409061501@7.4294353/43.7390417,43.7390417,7.4294353
250259429@7.4293169/43.7388903,43.7388903,7.4293169
11409061500@7.4291861/43.7387442,43.7387442,7.4291861
4664149114@7.4290433/43.7386041,43.7386041,7.4290433
11409061499@7.4288892/43.7384705,43.7384705,7.4288892
250259427@7.4287243/43.7383437,43.7383437,7.4287243
11409061498@7.4285491/43.7382244,43.7382244,7.4285491
4664149116@7.4283643/43.7381128,43.7381128,7.4283643
11409061497@7.4281706/43.7380095,43.7380095,7.4281706
250259426@7.4279687/43.7379148,43.7379148,7.4279687
4317081676@7.4244312/43.7401515,43.7401515,7.4244312
1079750404@7.4246004/43.7403300,43.74033,7.4246004
258072013@7.4248469/43.7406107,43.7406107,7.4248469
258072012@7.4249329/43.7406688,43.7406688,7.4249329
258072009@7.4250137/43.7406818,43.7406818,7.4250137
6152414423@7.4250410/43.7406815,43.7406815,7.425041
9404246800@7.4251223/43.7406761,43.7406761,7.4251223
6152414424@7.4251972/43.7406566,43.7406566,7.4251972
5603791871@7.4255035/43.7404898,43.7404898,7.4255035
21915639@7.4256003/43.7404449,43.7404449,7.4256003
1699777574@7.4272971/43.7397122,43.7397122,7.4272971
25239254@7.4271448/43.7397904,43.7397904,7.4271448
25239261@7.4266025/43.7400865,43.7400865,7.4266025
265023140@7.4261788/43.7403164,43.7403164,7.4261788
1079751144@7.4258846/43.7404659,43.7404659,7.4258846
3013026472@7.4257776/43.7405161,43.7405161,7.4257776
25240089@7.4256731/43.7405657,43.7405657,7.4256731
440135668@7.4085964/43.7291010,43.729101,7.4085964
25200862@7.4086125/43.7292490,43.729249,7.4086125
9404275018@7.4086341/43.7293344,43.7293344,7.4086341
25200881@7.4086687/43.7293983,43.7293983,7.4086687
25200887@7.4087496/43.7295251,43.7295251,7.4087496
4970548835@7.4090653/43.7300037,43.7300037,7.4090653
6482705878@7.4090869/43.7300381,43.7300381,7.4090869
25200954@7.4091260/43.7300896,43.7300896,7.409126
9404246810@7.4091424/43.7301111,43.7301111,7.4091424
9400312139@7.4092068/43.7301964,43.7301964,7.4092068
9404246809@7.4092772/43.7302841,43.7302841,7.4092772
9400312138@7.4093409/43.7303582,43.7303582,7.4093409
25200975@7.4094419/43.7304560,43.730456,7.4094419
9400312140@7.4095863/43.7305869,43.7305869,7.4095863
25200978@7.4097243/43.7307055,43.7307055,7.4097243
9400312142@7.4098632/43.7308156,43.7308156,7.4098632
9400312141@7.4099873/43.7308888,43.7308888,7.4099873
25201002@7.4101457/43.7309610,43.730961,7.4101457
3423478266@7.4103043/43.7310143,43.7310143,7.4103043
443501354@7.4104982/43.7310528,43.7310528,7.4104982
25191463@7.4279534/43.7325962,43.7325962,7.4279534
25191448@7.4274739/43.7318149,43.7318149,7.4274739
6482565684@7.4131724/43.7269368,43.7269368,7.4131724
2825675731@7.4130912/43.7268786,43.7268786,7.4130912
1704201246@7.4129574/43.7267712,43.7267712,7.4129574
254470916@7.4128922/43.7266781,43.7266781,7.4128922
9914391630@7.4128709/43.7265768,43.7265768,7.4128709
254470917@7.4128620/43.7265346,43.7265346,7.412862
7781113687@7.4128362/43.7264485,43.7264485,7.4128362
254470918@7.4128265/43.7264162,43.7264162,7.4128265
7781113724@7.4127018/43.7263171,43.7263171,7.4127018
2626887944@7.4126070/43.7262418,43.7262418,7.412607
11158266459@7.4125411/43.7261895,43.7261895,7.4125411
1704201203@7.4124577/43.7261232,43.7261232,7.4124577
254470919@7.4123643/43.7260689,43.7260689,7.4123643
11158266445@7.4123164/43.7260465,43.7260465,7.4123164
1704201200@7.4121468/43.7259808,43.7259808,7.4121468
1704201198@7.4119688/43.7258556,43.7258556,7.4119688
1704201189@7.4118572/43.7258145,43.7258145,7.4118572
1704201187@7.4116222/43.7257561,43.7257561,7.4116222
1704201182@7.4115225/43.7257047,43.7257047,7.4115225
2576575152@7.4113922/43.7256145,43.7256145,7.4113922
7781113747@7.4113200/43.7255658,43.7255658,7.41132
1704201179@7.4108381/43.7252407,43.7252407,7.4108381
1704201174@7.4107725/43.7251592,43.7251592,7.4107725
9914391678@7.4107015/43.7250410,43.725041,7.4107015
1704201158@7.4106633/43.7249774,43.7249774,7.4106633
1704201152@7.4105778/43.7247853,43.7247853,7.4105778
8258591684@7.4103134/43.7245155,43.7245155,7.4103134
4452216502@7.4102641/43.7244653,43.7244653,7.4102641
1704201148@7.4102094/43.7243833,43.7243833,7.4102094
1704201144@7.4101435/43.7241592,43.7241592,7.4101435
1704201131@7.4101245/43.7239410,43.723941,7.4101245
4437785418@7.4101480/43.7238804,43.7238804,7.410148
1704201129@7.4101577/43.7238556,43.7238556,7.4101577
1704201127@7.4102218/43.7237441,43.7237441,7.4102218
1704201119@7.4104734/43.7235588,43.7235588,7.4104734
1704201112@7.4106632/43.7233895,43.7233895,7.4106632
1704201099@7.4107701/43.7232244,43.7232244,7.4107701
1704462439@7.4180998/43.7247050,43.724705,7.4180998
9914391766@7.4166871/43.7254288,43.7254288,7.4166871
9914391771@7.4155623/43.7260091,43.7260091,7.4155623
7340445016@7.4154299/43.7260769,43.7260769,7.4154299
254470730@7.4152721/43.7261352,43.7261352,7.4152721
6485591919@7.4273074/43.7375321,43.7375321,7.4273074
4317155594@7.4277242/43.7376874,43.7376874,7.4277242
21914343@7.4279727/43.7377783,43.7377783,7.4279727
21912962@7.4269003/43.7379155,43.7379155,7.4269003
6485591457@7.4269861/43.7379272,43.7379272,7.4269861
1726583850@7.4270836/43.7379396,43.7379396,7.4270836
12571844665@7.4271837/43.7379628,43.7379628,7.4271837
6485591458@7.4272394/43.7379795,43.7379795,7.4272394
25239180@7.4273118/43.7380025,43.7380025,7.4273118
6485591459@7.4273589/43.7380219,43.7380219,7.4273589
1737326354@7.4274131/43.7380454,43.7380454,7.4274131
6485591460@7.4274609/43.7380705,43.7380705,7.4274609
21912976@7.4275235/43.7381061,43.7381061,7.4275235
6485591461@7.4275613/43.7381270,43.738127,7.4275613
1737326397@7.4276028/43.7381552,43.7381552,7.4276028
25239181@7.4276709/43.7382041,43.7382041,7.4276709
1737326417@7.4277234/43.7382491,43.7382491,7.4277234
1726583792@7.4277728/43.7382975,43.7382975,7.4277728
1737326441@7.4278039/43.7383314,43.7383314,7.4278039
21912993@7.4278361/43.7383750,43.738375,7.4278361
6485591463@7.4278451/43.7383942,43.7383942,7.4278451
1737326465@7.4278578/43.7384212,43.7384212,7.4278578
25239182@7.4278737/43.7384786,43.7384786,7.4278737
1737326506@7.4278761/43.7385395,43.7385395,7.4278761
1726583844@7.4278707/43.7386026,43.7386026,7.4278707
6485591466@7.4278609/43.7386516,43.7386516,7.4278609
1737326533@7.4278577/43.7386674,43.7386674,7.4278577
21913012@7.4278429/43.7387334,43.7387334,7.4278429
1737326598@7.4278089/43.7388132,43.7388132,7.4278089
1737326604@7.4277976/43.7388340,43.738834,7.4277976
1737272404@7.4277613/43.7389006,43.7389006,7.4277613
1204288376@7.4277072/43.7389813,43.7389813,7.4277072
1738360276@7.4217461/43.7369027,43.7369027,7.4217461
1738360278@7.4217669/43.7369225,43.7369225,7.4217669
1738360291@7.4217739/43.7369358,43.7369358,7.4217739
1738360296@7.4217773/43.7369472,43.7369472,7.4217773
1738360301@7.4217753/43.7369623,43.7369623,7.4217753
1738360306@7.4217714/43.7369730,43.736973,7.4217714
1738360309@7.4217595/43.7369852,43.7369852,7.4217595
1738360315@7.4217489/43.7369919,43.7369919,7.4217489
1738360316@7.4217356/43.7369962,43.7369962,7.4217356
1738360319@7.4217142/43.7370003,43.7370003,7.4217142
25193377@7.4215169/43.7369554,43.7369554,7.4215169
272958768@7.4214726/43.7369152,43.7369152,7.4214726
272958769@7.4214517/43.7368890,43.736889,7.4214517
1738360273@7.4214463/43.7368783,43.7368783,7.4214463
272958770@7.4214454/43.7368601,43.7368601,7.4214454
25192169@7.4223724/43.7323258,43.7323258,7.4223724
11070705446@7.4223962/43.7323751,43.7323751,7.4223962
1726583806@7.4224111/43.7324262,43.7324262,7.4224111
1799099566@7.4224168/43.7324782,43.7324782,7.4224168
6444966511@7.4214168/43.7365583,43.7365583,7.4214168
10665602340@7.4214703/43.7366208,43.7366208,7.4214703
21914339@7.4215881/43.7367969,43.7367969,7.4215881
25193377@7.4215169/43.7369554,43.7369554,7.4215169
25193382@7.4214061/43.7369133,43.7369133,7.4214061
25193394@7.4213038/43.7368530,43.736853,7.4213038
25193390@7.4211593/43.7367707,43.7367707,7.4211593
1759785725@7.4236192/43.7303334,43.7303334,7.4236192
2132084774@7.4237137/43.7302188,43.7302188,7.4237137
9983257551@7.4237418/43.7301857,43.7301857,7.4237418
25181845@7.4237595/43.7301648,43.7301648,7.4237595
25182446@7.4249790/43.7315062,43.7315062,7.424979
1079750237@7.4248118/43.7314569,43.7314569,7.4248118
1868334347@7.4242846/43.7313189,43.7313189,7.4242846
25182815@7.4241358/43.7312799,43.7312799,7.4241358
384587170@7.4280458/43.7332532,43.7332532,7.4280458
9447253660@7.4279876/43.7332581,43.7332581,7.4279876
1759785741@7.4279148/43.7332569,43.7332569,7.4279148
1759785742@7.4278571/43.7332453,43.7332453,7.4278571
9447253661@7.4278012/43.7332271,43.7332271,7.4278012
9447253662@7.4277475/43.7331980,43.733198,7.4277475
1759785743@7.4276933/43.7331570,43.733157,7.4276933
9447253659@7.4276483/43.7331147,43.7331147,7.4276483
9447253663@7.4276362/43.7331031,43.7331031,7.4276362
7779252654@7.4275917/43.7330544,43.7330544,7.4275917
25191502@7.4275506/43.7329977,43.7329977,7.4275506
273246269@7.4301265/43.7411082,43.7411082,7.4301265
1720684443@7.4301831/43.7411202,43.7411202,7.4301831
273246213@7.4302371/43.7411395,43.7411395,7.4302371
1720684445@7.4302895/43.7411671,43.7411671,7.4302895
1736939702@7.4303330/43.7411999,43.7411999,7.430333
1720684447@7.4303646/43.7412301,43.7412301,7.4303646
1736939704@7.4303944/43.7412710,43.741271,7.4303944
273246214@7.4304202/43.7413155,43.7413155,7.4304202
25240089@7.4256731/43.7405657,43.7405657,7.4256731
3013026474@7.4257024/43.7406200,43.74062,7.4257024
4938969816@7.4257237/43.7406606,43.7406606,7.4257237
4938969817@7.4257717/43.7407282,43.7407282,7.4257717
4938969819@7.4258150/43.7407942,43.7407942,7.425815
4938969818@7.4258535/43.7408464,43.7408464,7.4258535
252417671@7.4258950/43.7408945,43.7408945,7.425895
272637729@7.4259510/43.7409504,43.7409504,7.425951
21917308@7.4259854/43.7409847,43.7409847,7.4259854
21918450@7.4292417/43.7449588,43.7449588,7.4292417
1685108373@7.4292595/43.7449991,43.7449991,7.4292595
1685108389@7.4292849/43.7450455,43.7450455,7.4292849
2189614151@7.4294634/43.7454320,43.745432,7.4294634
1685108397@7.4294832/43.7454716,43.7454716,7.4294832
1868723924@7.4295473/43.7455587,43.7455587,7.4295473
1868723951@7.4295803/43.7455897,43.7455897,7.4295803
21914339@7.4215881/43.7367969,43.7367969,7.4215881
1726583808@7.4216573/43.7368515,43.7368515,7.4216573
1738360276@7.4217461/43.7369027,43.7369027,7.4217461
21915639@7.4256003/43.7404449,43.7404449,7.4256003
25240089@7.4256731/43.7405657,43.7405657,7.4256731
21917586@7.4239342/43.7399395,43.7399395,7.4239342
8258594203@7.4238573/43.7399010,43.739901,7.4238573
1699777605@7.4237340/43.7398532,43.7398532,7.423734
4937466467@7.4230715/43.7396353,43.7396353,7.4230715
258071990@7.4229605/43.7395991,43.7395991,7.4229605
252458631@7.4228727/43.7395683,43.7395683,7.4228727
1774994951@7.4226544/43.7395012,43.7395012,7.4226544
21917628@7.4224181/43.7394303,43.7394303,7.4224181
9404246801@7.4219070/43.7392668,43.7392668,7.421907
9404246802@7.4209942/43.7389632,43.7389632,7.4209942
3883559330@7.4205220/43.7387999,43.7387999,7.420522
6845638316@7.4204493/43.7387784,43.7387784,7.4204493
5113902830@7.4203678/43.7387591,43.7387591,7.4203678
3883559327@7.4202032/43.7387506,43.7387506,7.4202032
7002639143@7.4200898/43.7387517,43.7387517,7.4200898
3883559329@7.4200043/43.7387594,43.7387594,7.4200043
25201044@7.4135189/43.7316586,43.7316586,7.4135189
1696714150@7.4134919/43.7317725,43.7317725,7.4134919
11178305842@7.4134862/43.7318472,43.7318472,7.4134862
1696714161@7.4134796/43.7319137,43.7319137,7.4134796
1868723949@7.4268674/43.7416515,43.7416515,7.4268674
8829633357@7.4269943/43.7417123,43.7417123,7.4269943
967714522@7.4270700/43.7417660,43.741766,7.42707
967714525@7.4271554/43.7418279,43.7418279,7.4271554
267985082@7.4274470/43.7420288,43.7420288,7.427447
1079750810@7.4277763/43.7422440,43.742244,7.4277763
21918329@7.4278891/43.7423616,43.7423616,7.4278891
9532495607@7.4279487/43.7424478,43.7424478,7.4279487
3460479142@7.4280040/43.7425474,43.7425474,7.428004
280489383@7.4280634/43.7426736,43.7426736,7.4280634
10723812913@7.4283162/43.7432086,43.7432086,7.4283162
988680194@7.4283777/43.7433081,43.7433081,7.4283777
4938970030@7.4284696/43.7434559,43.7434559,7.4284696
21918402@7.4285224/43.7435476,43.7435476,7.4285224
1868404468@7.4213847/43.7344280,43.734428,7.4213847
9416149067@7.4213798/43.7344485,43.7344485,7.4213798
6444966499@7.4213748/43.7344691,43.7344691,7.4213748
25193333@7.4213722/43.7344802,43.7344802,7.4213722
6444966500@7.4213580/43.7345446,43.7345446,7.421358
11941906303@7.4213456/43.7346006,43.7346006,7.4213456
6444966501@7.4213333/43.7346566,43.7346566,7.4213333
6485592119@7.4213284/43.7346786,43.7346786,7.4213284
6444966502@7.4213176/43.7347276,43.7347276,7.4213176
519324200@7.4213059/43.7347806,43.7347806,7.4213059
6444966503@7.4212964/43.7348380,43.734838,7.4212964
6485592120@7.4212837/43.7349149,43.7349149,7.4212837
6444966504@7.4212724/43.7349832,43.7349832,7.4212724
4937755860@7.4212652/43.7350269,43.7350269,7.4212652
25193346@7.4212450/43.7352207,43.7352207,7.421245
9911623941@7.4212403/43.7352623,43.7352623,7.4212403
6485591420@7.4212306/43.7353490,43.735349,7.4212306
1204288311@7.4212229/43.7354020,43.735402,7.4212229
25193350@7.4212204/43.7354374,43.7354374,7.4212204
8721086460@7.4212154/43.7355084,43.7355084,7.4212154
6485591421@7.4212103/43.7355796,43.7355796,7.4212103
1770577832@7.4212077/43.7356156,43.7356156,7.4212077
6485591422@7.4212091/43.7356754,43.7356754,7.4212091
25193355@7.4212113/43.7357741,43.7357741,7.4212113
6485591423@7.4212159/43.7358229,43.7358229,7.4212159
6485591424@7.4212313/43.7359846,43.7359846,7.4212313
1726583810@7.4212324/43.7359964,43.7359964,7.4212324
6485591425@7.4212466/43.7360672,43.7360672,7.4212466
25193359@7.4212611/43.7361473,43.7361473,7.4212611
6340961556@7.4212846/43.7362286,43.7362286,7.4212846
6485591426@7.4213049/43.7362920,43.736292,7.4213049
1726583852@7.4213244/43.7363487,43.7363487,7.4213244
10665602341@7.4213749/43.7364622,43.7364622,7.4213749
6444966511@7.4214168/43.7365583,43.7365583,7.4214168
1738360319@7.4217142/43.7370003,43.7370003,7.4217142
1738360318@7.4216830/43.7369974,43.7369974,7.421683
6444966506@7.4216415/43.7369891,43.7369891,7.4216415
6485591436@7.4216111/43.7369830,43.736983,7.4216111
1738360308@7.4215870/43.7369782,43.7369782,7.421587
25193377@7.4215169/43.7369554,43.7369554,7.4215169
1738360276@7.4217461/43.7369027,43.7369027,7.4217461
440135661@7.4217750/43.7369168,43.7369168,7.421775
6445072923@7.4217807/43.7369196,43.7369196,7.4217807
6340961557@7.4218534/43.7369546,43.7369546,7.4218534
6340961558@7.4219465/43.7369855,43.7369855,7.4219465
1690130866@7.4221175/43.7370216,43.7370216,7.4221175
1696644216@7.4153492/43.7333324,43.7333324,7.4153492
4937466454@7.4153778/43.7333725,43.7333725,7.4153778
1876837915@7.4155199/43.7334892,43.7334892,7.4155199
1876837916@7.4157229/43.7336596,43.7336596,7.4157229
2303809405@7.4157700/43.7336978,43.7336978,7.41577
1876837917@7.4158086/43.7337292,43.7337292,7.4158086
25202550@7.4158929/43.7337985,43.7337985,7.4158929
8734568265@7.4159540/43.7338472,43.7338472,7.415954
2303809407@7.4160040/43.7339005,43.7339005,7.416004
25202553@7.4160425/43.7339478,43.7339478,7.4160425
8734568266@7.4161160/43.7340518,43.7340518,7.416116
25202557@7.4161578/43.7341313,43.7341313,7.4161578
3883559118@7.4161898/43.7342033,43.7342033,7.4161898
25202560@7.4162167/43.7343000,43.7343,7.4162167
3428369966@7.4162427/43.7343930,43.734393,7.4162427
3883559123@7.4162490/43.7344581,43.7344581,7.416249
3883559124@7.4162532/43.7345527,43.7345527,7.4162532
25210909@7.4162657/43.7346793,43.7346793,7.4162657
3883559125@7.4162780/43.7347855,43.7347855,7.416278
25210903@7.4163084/43.7349456,43.7349456,7.4163084
3883559126@7.4163204/43.7349889,43.7349889,7.4163204
3432096936@7.4163510/43.7350811,43.7350811,7.416351
4011307638@7.4163650/43.7351254,43.7351254,7.416365
3883559127@7.4163700/43.7351411,43.7351411,7.41637
25210899@7.4164053/43.7352406,43.7352406,7.4164053
8734568267@7.4164600/43.7353580,43.735358,7.41646
25210895@7.4165509/43.7355383,43.7355383,7.4165509
25210837@7.4184263/43.7367055,43.7367055,7.4184263
8703084472@7.4184793/43.7367193,43.7367193,7.4184793
280703055@7.4185243/43.7367315,43.7367315,7.4185243
4938342167@7.4185426/43.7367393,43.7367393,7.4185426
1204288419@7.4185865/43.7367602,43.7367602,7.4185865
4938342166@7.4186489/43.7367963,43.7367963,7.4186489
4938342165@7.4186875/43.7368256,43.7368256,7.4186875
25199115@7.4187277/43.7368617,43.7368617,7.4187277
2185515268@7.4187957/43.7369321,43.7369321,7.4187957
25198766@7.4189151/43.7370478,43.7370478,7.4189151
3883559259@7.4189724/43.7370979,43.7370979,7.4189724
1868767791@7.4189979/43.7371197,43.7371197,7.4189979
252421665@7.4173356/43.7371674,43.7371674,7.4173356
9532506795@7.4174438/43.7371530,43.737153,7.4174438
12606875632@7.4174773/43.7371514,43.7371514,7.4174773
3883559262@7.4175263/43.7371490,43.737149,7.4175263
25199246@7.4176176/43.7371599,43.7371599,7.4176176
25199254@7.4176890/43.7371797,43.7371797,7.417689
1868767786@7.4191202/43.7371360,43.737136,7.4191202
11452057060@7.4191640/43.7371160,43.737116,7.419164
25198746@7.4192761/43.7370650,43.737065,7.4192761
25198738@7.4193258/43.7370462,43.7370462,7.4193258
3883559261@7.4193816/43.7370328,43.7370328,7.4193816
4938342175@7.4194421/43.7370276,43.7370276,7.4194421
3883559258@7.4194980/43.7370312,43.7370312,7.419498
25198730@7.4195604/43.7370510,43.737051,7.4195604
3883559260@7.4196273/43.7370822,43.7370822,7.4196273
25198720@7.4197059/43.7371251,43.7371251,7.4197059
8733465460@7.4198714/43.7372246,43.7372246,7.4198714
25198699@7.4199335/43.7372746,43.7372746,7.4199335
8733465477@7.4199532/43.7372966,43.7372966,7.4199532
440135639@7.4199708/43.7373221,43.7373221,7.4199708
8733465476@7.4199792/43.7373442,43.7373442,7.4199792
3883559269@7.4199842/43.7373719,43.7373719,7.4199842
8733465475@7.4199828/43.7374043,43.7374043,7.4199828
25198691@7.4199729/43.7374336,43.7374336,7.4199729
8733465474@7.4199617/43.7374570,43.737457,7.4199617
3883559272@7.4199406/43.7374783,43.7374783,7.4199406
8733465473@7.4199180/43.7374986,43.7374986,7.419918
25198683@7.4198788/43.7375202,43.7375202,7.4198788
25198656@7.4195993/43.7376460,43.737646,7.4195993
257158605@7.4173557/43.7372467,43.7372467,7.4173557
821248657@7.4172566/43.7372275,43.7372275,7.4172566
821248627@7.4171314/43.7372002,43.7372002,7.4171314
25198803@7.4178699/43.7372793,43.7372793,7.4178699
25198798@7.4180679/43.7374959,43.7374959,7.4180679
25198791@7.4181048/43.7375494,43.7375494,7.4181048
21914841@7.4277541/43.7401666,43.7401666,7.4277541
6485591477@7.4278392/43.7402522,43.7402522,7.4278392
1737147129@7.4278912/43.7403036,43.7403036,7.4278912
1737147155@7.4279255/43.7403359,43.7403359,7.4279255
1736930312@7.4280619/43.7404648,43.7404648,7.4280619
6566017214@7.4284035/43.7407960,43.740796,7.4284035
25239179@7.4286333/43.7410189,43.7410189,7.4286333
6485591483@7.4286771/43.7410596,43.7410596,7.4286771
1726583859@7.4287037/43.7410843,43.7410843,7.4287037
1736930369@7.4287297/43.7410972,43.7410972,7.4287297
1736930370@7.4287442/43.7411029,43.7411029,7.4287442
1737114644@7.4287687/43.7411094,43.7411094,7.4287687
1737114648@7.4288124/43.7411123,43.7411123,7.4288124
25191904@7.4220576/43.7321018,43.7321018,7.4220576
9310886067@7.4221374/43.7321282,43.7321282,7.4221374
25191922@7.4222099/43.7321637,43.7321637,7.4222099
1872542054@7.4222734/43.7322074,43.7322074,7.4222734
1726583912@7.4223130/43.7322439,43.7322439,7.422313
9310886065@7.4223461/43.7322835,43.7322835,7.4223461
25192169@7.4223724/43.7323258,43.7323258,7.4223724
25191484@7.4277231/43.7329715,43.7329715,7.4277231
1702432075@7.4278614/43.7329122,43.7329122,7.4278614
25191478@7.4279580/43.7328122,43.7328122,7.427958
1737366176@7.4251862/43.7375256,43.7375256,7.4251862
6485591452@7.4255617/43.7376564,43.7376564,7.4255617
1737366187@7.4256495/43.7376877,43.7376877,7.4256495
1737366188@7.4257385/43.7377195,43.7377195,7.4257385
1737366192@7.4258405/43.7377526,43.7377526,7.4258405
6485591453@7.4258623/43.7377578,43.7377578,7.4258623
21911894@7.4259193/43.7377731,43.7377731,7.4259193
6485591454@7.4260179/43.7377956,43.7377956,7.4260179
1737366203@7.4262217/43.7378333,43.7378333,7.4262217
918118157@7.4264312/43.7378674,43.7378674,7.4264312
25181814@7.4224586/43.7298939,43.7298939,7.4224586
1738379160@7.4225274/43.7298673,43.7298673,7.4225274
6445480163@7.4227580/43.7298507,43.7298507,7.422758
25181829@7.4228018/43.7298496,43.7298496,7.4228018
1738379161@7.4229595/43.7298673,43.7298673,7.4229595
1074584771@7.4231294/43.7299125,43.7299125,7.4231294
25181840@7.4234432/43.7300263,43.7300263,7.4234432
25181845@7.4237595/43.7301648,43.7301648,7.4237595
25177397@7.4172044/43.7298528,43.7298528,7.4172044
1204303507@7.4173406/43.7298718,43.7298718,7.4173406
1629860459@7.4173816/43.7298765,43.7298765,7.4173816
9919108642@7.4177365/43.7299155,43.7299155,7.4177365
5598344650@7.4179045/43.7299325,43.7299325,7.4179045
12641248291@7.4180493/43.7299480,43.729948,7.4180493
5586531257@7.4183631/43.7299817,43.7299817,7.4183631
12641248300@7.4183839/43.7299798,43.7299798,7.4183839
5586531260@7.4183952/43.7299787,43.7299787,7.4183952
25177394@7.4184242/43.7299659,43.7299659,7.4184242
5586531259@7.4184445/43.7299500,43.72995,7.4184445
5586531258@7.4184524/43.7299355,43.7299355,7.4184524
5586531255@7.4185197/43.7293154,43.7293154,7.4185197
8759013786@7.4185385/43.7291224,43.7291224,7.4185385
25177392@7.4185461/43.7290447,43.7290447,7.4185461
5586531256@7.4185734/43.7290191,43.7290191,7.4185734
2157052060@7.4186199/43.7290038,43.7290038,7.4186199
5598344649@7.4189002/43.7290114,43.7290114,7.4189002
25177390@7.4190949/43.7290166,43.7290166,7.4190949
5598344648@7.4191138/43.7290039,43.7290039,7.4191138
2157052058@7.4191749/43.7289629,43.7289629,7.4191749
5598344647@7.4192036/43.7286984,43.7286984,7.4192036
25177384@7.4192074/43.7286336,43.7286336,7.4192074
12642563663@7.4192219/43.7286036,43.7286036,7.4192219
12642563662@7.4192577/43.7285786,43.7285786,7.4192577
12642563661@7.4193084/43.7285722,43.7285722,7.4193084
25177378@7.4194061/43.7285766,43.7285766,7.4194061
5598344646@7.4194479/43.7285874,43.7285874,7.4194479
5598344645@7.4201112/43.7286232,43.7286232,7.4201112
5598344644@7.4207149/43.7286532,43.7286532,7.4207149
5598344642@7.4210933/43.7286711,43.7286711,7.4210933
12642567633@7.4211436/43.7286707,43.7286707,7.4211436
25177373@7.4211953/43.7286558,43.7286558,7.4211953
12642567634@7.4212145/43.7286362,43.7286362,7.4212145
5598344643@7.4212244/43.7286229,43.7286229,7.4212244
5924321218@7.4212275/43.7286110,43.728611,7.4212275
5924321217@7.4212987/43.7283894,43.7283894,7.4212987
25177359@7.4213235/43.7283287,43.7283287,7.4213235
1074584658@7.4214243/43.7281547,43.7281547,7.4214243
5924321216@7.4214318/43.7281448,43.7281448,7.4214318
25177356@7.4216153/43.7279198,43.7279198,7.4216153
12642567692@7.4217530/43.7277799,43.7277799,7.421753
5924321214@7.4219437/43.7276419,43.7276419,7.4219437
25177351@7.4219540/43.7276332,43.7276332,7.421954
5924321213@7.4222046/43.7274795,43.7274795,7.4222046
10891811711@7.4222284/43.7274572,43.7274572,7.4222284
252416725@7.4222370/43.7274310,43.727431,7.422237
25183063@7.4236539/43.7308468,43.7308468,7.4236539
1790048408@7.4240353/43.7309954,43.7309954,7.4240353
1868334378@7.4243986/43.7311405,43.7311405,7.4243986
9983257451@7.4248610/43.7313143,43.7313143,7.424861
1790048504@7.4248917/43.7313258,43.7313258,7.4248917
4937466474@7.4249570/43.7313759,43.7313759,7.424957
25182457@7.4250254/43.7314291,43.7314291,7.4250254
11554321882@7.4286583/43.7459023,43.7459023,7.4286583
2068588855@7.4286498/43.7458748,43.7458748,7.4286498
25186037@7.4286388/43.7458318,43.7458318,7.4286388
25186057@7.4286271/43.7456343,43.7456343,7.4286271
9082625872@7.4286138/43.7455150,43.745515,7.4286138
25186068@7.4285778/43.7454100,43.74541,7.4285778
25186075@7.4284853/43.7452325,43.7452325,7.4284853
25186082@7.4283984/43.7450784,43.7450784,7.4283984
25186092@7.4283032/43.7449100,43.74491,7.4283032
25186098@7.4281987/43.7447355,43.7447355,7.4281987
1204288464@7.4281590/43.7446580,43.744658,7.428159
25243242@7.4281416/43.7446139,43.7446139,7.4281416
1799099566@7.4224168/43.7324782,43.7324782,7.4224168
4938436896@7.4224143/43.7325221,43.7325221,7.4224143
25192215@7.4224069/43.7325629,43.7325629,7.4224069
6444966477@7.4223994/43.7325852,43.7325852,7.4223994
1726583803@7.4223915/43.7326088,43.7326088,7.4223915
1726583846@7.4223708/43.7326454,43.7326454,7.4223708
1737389122@7.4223505/43.7326810,43.732681,7.4223505
6444966480@7.4223141/43.7327279,43.7327279,7.4223141
477617968@7.4222843/43.7327623,43.7327623,7.4222843
1702431980@7.4249462/43.7307057,43.7307057,7.4249462
1738379163@7.4250635/43.7307735,43.7307735,7.4250635
25181864@7.4251060/43.7307981,43.7307981,7.425106
1204288493@7.4253051/43.7309036,43.7309036,7.4253051
1702432000@7.4254974/43.7310061,43.7310061,7.4254974
25181876@7.4255354/43.7310263,43.7310263,7.4255354
4938436908@7.4256687/43.7311043,43.7311043,7.4256687
280487754@7.4257175/43.7311342,43.7311342,7.4257175
25181806@7.4223806/43.7299372,43.7299372,7.4223806
25181814@7.4224586/43.7298939,43.7298939,7.4224586
25191348@7.4228153/43.7321967,43.7321967,7.4228153
25191357@7.4234109/43.7322633,43.7322633,7.4234109
25191369@7.4236791/43.7322633,43.7322633,7.4236791
25191380@7.4240439/43.7322555,43.7322555,7.4240439
1573137155@7.4242626/43.7322859,43.7322859,7.4242626
25191390@7.4243228/43.7322943,43.7322943,7.4243228
456208114@7.4245897/43.7323501,43.7323501,7.4245897
1079750989@7.4254943/43.7325541,43.7325541,7.4254943
6696261618@7.4259768/43.7326576,43.7326576,7.4259768
1866422978@7.4188882/43.7325457,43.7325457,7.4188882
4937556544@7.4188623/43.7325336,43.7325336,7.4188623
4940692931@7.4188375/43.7325270,43.732527,7.4188375
4937556545@7.4188088/43.7325254,43.7325254,7.4188088
4937556546@7.4187773/43.7325278,43.7325278,7.4187773
21918402@7.4285224/43.7435476,43.7435476,7.4285224
1685146302@7.4286809/43.7437975,43.7437975,7.4286809
4938970032@7.4287489/43.7439124,43.7439124,7.4287489
4938970033@7.4288120/43.7440305,43.7440305,7.428812
1079751432@7.4289397/43.7443005,43.7443005,7.4289397
4938970034@7.4291934/43.7448512,43.7448512,7.4291934
21918450@7.4292417/43.7449588,43.7449588,7.4292417
1868767795@7.4185257/43.7375409,43.7375409,7.4185257
1868767801@7.4186131/43.7374601,43.7374601,7.4186131
1868767857@7.4187021/43.7374049,43.7374049,7.4187021
1868767846@7.4188884/43.7372831,43.7372831,7.4188884
1868767842@7.4189228/43.7372539,43.7372539,7.4189228
1868767839@7.4189482/43.7372170,43.737217,7.4189482
1868767812@7.4189707/43.7371710,43.737171,7.4189707
1868736596@7.4157070/43.7312415,43.7312415,7.415707
4011267550@7.4157480/43.7312946,43.7312946,7.415748
4937755888@7.4157591/43.7313206,43.7313206,7.4157591
4940249418@7.4157689/43.7313595,43.7313595,7.4157689
1869347227@7.4157692/43.7313788,43.7313788,7.4157692
12281555154@7.4157601/43.7314006,43.7314006,7.4157601
2225778239@7.4119654/43.7280324,43.7280324,7.4119654
10197393662@7.4118978/43.7279596,43.7279596,7.4118978
4970548840@7.4118633/43.7279107,43.7279107,7.4118633
1869953316@7.4118427/43.7278776,43.7278776,7.4118427
1869953303@7.4118066/43.7278090,43.727809,7.4118066
1870233792@7.4190662/43.7383734,43.7383734,7.4190662
1870233803@7.4190761/43.7383250,43.738325,7.4190761
1870233748@7.4190975/43.7383018,43.7383018,7.4190975
1870233763@7.4191270/43.7382921,43.7382921,7.419127
3883559303@7.4191538/43.7382942,43.7382942,7.4191538
1870233750@7.4191959/43.7383128,43.7383128,7.4191959
1870233795@7.4192151/43.7383443,43.7383443,7.4192151
1872310876@7.4225362/43.7375949,43.7375949,7.4225362
11414717752@7.4224629/43.7375857,43.7375857,7.4224629
1872310873@7.4224108/43.7375791,43.7375791,7.4224108
1872310867@7.4222861/43.7375606,43.7375606,7.4222861
1872310866@7.4221621/43.7375394,43.7375394,7.4221621
25211216@7.4220391/43.7375157,43.7375157,7.4220391
1079045346@7.4183468/43.7320740,43.732074,7.4183468
1872357146@7.4184710/43.7321387,43.7321387,7.418471
941678579@7.4186631/43.7322474,43.7322474,7.4186631
4940692956@7.4179411/43.7318563,43.7318563,7.4179411
4940692955@7.4180351/43.7318861,43.7318861,7.4180351
4940692943@7.4181335/43.7319073,43.7319073,7.4181335
1079045443@7.4182804/43.7319223,43.7319223,7.4182804
8639732906@7.4183361/43.7319230,43.731923,7.4183361
4937556526@7.4183626/43.7319238,43.7319238,7.4183626
2399195735@7.4184110/43.7319247,43.7319247,7.418411
4940452736@7.4349290/43.7482407,43.7482407,7.434929
4226573514@7.4351422/43.7483658,43.7483658,7.4351422
1079750534@7.4352112/43.7484063,43.7484063,7.4352112
3419672762@7.4353822/43.7485009,43.7485009,7.4353822
4940452738@7.4355176/43.7485686,43.7485686,7.4355176
8623016757@7.4366511/43.7490691,43.7490691,7.4366511
9954248555@7.4382131/43.7497432,43.7497432,7.4382131
1868736596@7.4157070/43.7312415,43.7312415,7.415707
10197393655@7.4157688/43.7312627,43.7312627,7.4157688
10197393652@7.4158060/43.7312806,43.7312806,7.415806
10197393654@7.4159213/43.7313575,43.7313575,7.4159213
10197393653@7.4160054/43.7314110,43.731411,7.4160054
1869347242@7.4160486/43.7314634,43.7314634,7.4160486
25191847@7.4226785/43.7321826,43.7321826,7.4226785
25191348@7.4228153/43.7321967,43.7321967,7.4228153
25199254@7.4176890/43.7371797,43.7371797,7.417689
826809702@7.4177673/43.7372011,43.7372011,7.4177673
3883559265@7.4178084/43.7372222,43.7372222,7.4178084
25198803@7.4178699/43.7372793,43.7372793,7.4178699
826809711@7.4176530/43.7373119,43.7373119,7.417653
826809712@7.4175154/43.7372807,43.7372807,7.4175154
3883559267@7.4174129/43.7372624,43.7372624,7.4174129
25177185@7.4157810/43.7264182,43.7264182,7.415781
4452216561@7.4166904/43.7264034,43.7264034,7.4166904
1875157905@7.4169271/43.7263995,43.7263995,7.4169271
1204303577@7.4170823/43.7263970,43.726397,7.4170823
2241362156@7.4171764/43.7264037,43.7264037,7.4171764
25240090@7.4255183/43.7402996,43.7402996,7.4255183
1876870201@7.4255576/43.7402747,43.7402747,7.4255576
1876870195@7.4255859/43.7402575,43.7402575,7.4255859
1876870193@7.4257611/43.7401642,43.7401642,7.4257611
1876870191@7.4258835/43.7401022,43.7401022,7.4258835
1876870189@7.4260334/43.7400182,43.7400182,7.4260334
25239246@7.4261865/43.7399336,43.7399336,7.4261865
7270994180@7.4263278/43.7398545,43.7398545,7.4263278
7265761782@7.4263430/43.7398449,43.7398449,7.426343
6374644688@7.4265436/43.7397364,43.7397364,7.4265436
7265761780@7.4267574/43.7396232,43.7396232,7.4267574
25239250@7.4269040/43.7395451,43.7395451,7.426904
1204288404@7.4269634/43.7395145,43.7395145,7.4269634
1737147056@7.4270648/43.7394705,43.7394705,7.4270648
6851350856@7.4148944/43.7306924,43.7306924,7.4148944
1878296004@7.4149855/43.7307238,43.7307238,7.4149855
11228742182@7.4152537/43.7308650,43.730865,7.4152537
25177171@7.4153700/43.7309327,43.7309327,7.41537
11228742183@7.4155820/43.7310269,43.7310269,7.415582
1878296016@7.4158274/43.7311215,43.7311215,7.4158274
1878296028@7.4161704/43.7312277,43.7312277,7.4161704
2367457285@7.4164481/43.7313064,43.7313064,7.4164481
2109529556@7.4166618/43.7313685,43.7313685,7.4166618
2109529552@7.4168964/43.7314403,43.7314403,7.4168964
11158385683@7.4170920/43.7314895,43.7314895,7.417092
1878520653@7.4295985/43.7344607,43.7344607,7.4295985
1878520648@7.4295211/43.7343901,43.7343901,7.4295211
3266145216@7.4293549/43.7342449,43.7342449,7.4293549
1878520646@7.4296714/43.7344182,43.7344182,7.4296714
1878520653@7.4295985/43.7344607,43.7344607,7.4295985
1878520658@7.4295550/43.7344862,43.7344862,7.429555
1079750543@7.4290575/43.7337991,43.7337991,7.4290575
1878520640@7.4296855/43.7343582,43.7343582,7.4296855
1878520644@7.4296945/43.7343810,43.734381,7.4296945
9446115301@7.4296887/43.7344022,43.7344022,7.4296887
1878520646@7.4296714/43.7344182,43.7344182,7.4296714
3883559291@7.4195147/43.7378799,43.7378799,7.4195147
8733465491@7.4194972/43.7379188,43.7379188,7.4194972
8733465490@7.4194873/43.7379636,43.7379636,7.4194873
1079750893@7.4194866/43.7380303,43.7380303,7.4194866
1079751141@7.4194794/43.7380965,43.7380965,7.4194794
8733465492@7.4194693/43.7381268,43.7381268,7.4194693
25197977@7.4194437/43.7381754,43.7381754,7.4194437
8733488633@7.4193952/43.7382276,43.7382276,7.4193952
25197981@7.4193303/43.7382741,43.7382741,7.4193303
1079750804@7.4192852/43.7383182,43.7383182,7.4192852
8733488632@7.4192530/43.7383564,43.7383564,7.419253
3883559308@7.4192388/43.7383758,43.7383758,7.4192388
8733488635@7.4192290/43.7384020,43.738402,7.419229
25197985@7.4192226/43.7384596,43.7384596,7.4192226
8829633355@7.4150835/43.7344132,43.7344132,7.4150835
25198910@7.4153128/43.7347419,43.7347419,7.4153128
1876837939@7.4154029/43.7348646,43.7348646,7.4154029
6506285011@7.4154628/43.7349466,43.7349466,7.4154628
1876837941@7.4154840/43.7349756,43.7349756,7.415484
25198901@7.4155351/43.7350433,43.7350433,7.4155351
4011307635@7.4155593/43.7350732,43.7350732,7.4155593
10665475079@7.4156129/43.7351392,43.7351392,7.4156129
25198895@7.4157005/43.7352267,43.7352267,7.4157005
3432096935@7.4158135/43.7353199,43.7353199,7.4158135
3432096932@7.4159215/43.7353944,43.7353944,7.4159215
2189620625@7.4160145/43.7354678,43.7354678,7.4160145
25198881@7.4161153/43.7355414,43.7355414,7.4161153
3883559130@7.4161897/43.7356080,43.735608,7.4161897
440135635@7.4162287/43.7356587,43.7356587,7.4162287
3883559131@7.4162589/43.7357116,43.7357116,7.4162589
25198873@7.4162807/43.7357614,43.7357614,7.4162807
3883559134@7.4162975/43.7358555,43.7358555,7.4162975
25198865@7.4163084/43.7360231,43.7360231,7.4163084
25198860@7.4163406/43.7363797,43.7363797,7.4163406
819783219@7.4163731/43.7366434,43.7366434,7.4163731
3883559152@7.4163820/43.7366968,43.7366968,7.416382
3883559153@7.4163956/43.7367559,43.7367559,7.4163956
25198849@7.4164196/43.7368146,43.7368146,7.4164196
3883559156@7.4164488/43.7368549,43.7368549,7.4164488
25198827@7.4165022/43.7368929,43.7368929,7.4165022
25198821@7.4166151/43.7369651,43.7369651,7.4166151
1774994953@7.4167076/43.7370196,43.7370196,7.4167076
251721708@7.4168696/43.7371118,43.7371118,7.4168696
1784106882@7.4135525/43.7314554,43.7314554,7.4135525
12174796886@7.4135503/43.7314883,43.7314883,7.4135503
11149777546@7.4135498/43.7314962,43.7314962,7.4135498
25201041@7.4135491/43.7315061,43.7315061,7.4135491
25191502@7.4275506/43.7329977,43.7329977,7.4275506
25191494@7.4276947/43.7329804,43.7329804,7.4276947
245981493@7.4016810/43.7215533,43.7215533,7.401681
10859896233@7.4019896/43.7216097,43.7216097,7.4019896
10859896208@7.4021740/43.7216542,43.7216542,7.402174
1352289890@7.4023468/43.7217052,43.7217052,7.4023468
1899220773@7.4026538/43.7218198,43.7218198,7.4026538
1352289949@7.4031663/43.7220285,43.7220285,7.4031663
1352289860@7.4037591/43.7222863,43.7222863,7.4037591
1352289924@7.4045201/43.7226873,43.7226873,7.4045201
1352289902@7.4053461/43.7232094,43.7232094,7.4053461
1352289944@7.4056625/43.7234544,43.7234544,7.4056625
1352289950@7.4061088/43.7238328,43.7238328,7.4061088
1352289865@7.4063821/43.7241032,43.7241032,7.4063821
1352289900@7.4066893/43.7244832,43.7244832,7.4066893
1352289934@7.4070136/43.7249543,43.7249543,7.4070136
1352289838@7.4075289/43.7257798,43.7257798,7.4075289
1352289854@7.4079322/43.7265908,43.7265908,7.4079322
1352289922@7.4096675/43.7305616,43.7305616,7.4096675
642295452@7.4101020/43.7316099,43.7316099,7.410102
1352289916@7.4105775/43.7325982,43.7325982,7.4105775
1878857717@7.4109970/43.7331813,43.7331813,7.410997
8762145221@7.4112278/43.7334568,43.7334568,7.4112278
1878857726@7.4120272/43.7341593,43.7341593,7.4120272
1690189814@7.4128705/43.7347432,43.7347432,7.4128705
1878857727@7.4130755/43.7348567,43.7348567,7.4130755
1878857729@7.4137245/43.7351944,43.7351944,7.4137245
1878857731@7.4144089/43.7354847,43.7354847,7.4144089
1690189819@7.4148997/43.7356622,43.7356622,7.4148997
1930545580@7.4150536/43.7357179,43.7357179,7.4150536
1930545580@7.4150536/43.7357179,43.7357179,7.4150536
8762145120@7.4153852/43.7358667,43.7358667,7.4153852
8762145121@7.4155918/43.7359646,43.7359646,7.4155918
8762145123@7.4157066/43.7360228,43.7360228,7.4157066
8762139311@7.4166231/43.7364448,43.7364448,7.4166231
8762145153@7.4172924/43.7367820,43.736782,7.4172924
8762145118@7.4178906/43.7371102,43.7371102,7.4178906
8762145149@7.4184027/43.7374226,43.7374226,7.4184027
1930545587@7.4188894/43.7377936,43.7377936,7.4188894
8740887123@7.4191601/43.7379965,43.7379965,7.4191601
1930545585@7.4194247/43.7382784,43.7382784,7.4194247
9952646936@7.4194298/43.7382836,43.7382836,7.4194298
1930545583@7.4205614/43.7394245,43.7394245,7.4205614
1930545584@7.4210880/43.7399220,43.739922,7.421088
10688011474@7.4328029/43.7464201,43.7464201,7.4328029
12421715343@7.4327882/43.7464088,43.7464088,7.4327882
9400287680@7.4326214/43.7462805,43.7462805,7.4326214
12421715346@7.4324992/43.7461747,43.7461747,7.4324992
9582155706@7.4324484/43.7461308,43.7461308,7.4324484
9400287679@7.4323609/43.7460502,43.7460502,7.4323609
12421715331@7.4323255/43.7460116,43.7460116,7.4323255
1079750480@7.4323005/43.7459842,43.7459842,7.4323005
10665719665@7.4322015/43.7458726,43.7458726,7.4322015
10665719664@7.4321183/43.7457701,43.7457701,7.4321183
1079751056@7.4319836/43.7455848,43.7455848,7.4319836
9582019276@7.4319390/43.7455138,43.7455138,7.431939
9582019272@7.4317811/43.7452625,43.7452625,7.4317811
1079750946@7.4317125/43.7451533,43.7451533,7.4317125
1079751429@7.4342119/43.7472003,43.7472003,7.4342119
642353776@7.4343767/43.7472926,43.7472926,7.4343767
9582163376@7.4346427/43.7474396,43.7474396,7.4346427
1712736271@7.4348273/43.7475593,43.7475593,7.4348273
642353788@7.4348795/43.7476316,43.7476316,7.4348795
1074584798@7.4187563/43.7276790,43.727679,7.4187563
4938342151@7.4187644/43.7276608,43.7276608,7.4187644
4938342150@7.4187812/43.7276460,43.727646,7.4187812
2104719171@7.4188044/43.7276368,43.7276368,7.4188044
2104719175@7.4188306/43.7276343,43.7276343,7.4188306
2104719167@7.4188563/43.7276390,43.727639,7.4188563
2750638804@7.4188777/43.7276502,43.7276502,7.4188777
2750638805@7.4188920/43.7276663,43.7276663,7.418892
1074584878@7.4188971/43.7276850,43.727685,7.4188971
2104719168@7.4188936/43.7277013,43.7277013,7.4188936
2104719169@7.4188830/43.7277160,43.727716,7.418883
2104719160@7.4188665/43.7277274,43.7277274,7.4188665
2104719176@7.4188459/43.7277345,43.7277345,7.4188459
2750638806@7.4188232/43.7277364,43.7277364,7.4188232
25177245@7.4188008/43.7277330,43.727733,7.4188008
1868334418@7.4214327/43.7312463,43.7312463,7.4214327
4938436911@7.4214545/43.7311417,43.7311417,7.4214545
1868334390@7.4214451/43.7311093,43.7311093,7.4214451
2109529537@7.4174558/43.7318555,43.7318555,7.4174558
2109529538@7.4174804/43.7318273,43.7318273,7.4174804
4940692952@7.4175020/43.7318012,43.7318012,7.417502
2109529543@7.4175250/43.7317711,43.7317711,7.417525
1872357124@7.4175483/43.7317451,43.7317451,7.4175483
1869347215@7.4149265/43.7308176,43.7308176,7.4149265
11228742205@7.4149007/43.7308300,43.73083,7.4149007
11228742204@7.4148839/43.7308333,43.7308333,7.4148839
1869347198@7.4148651/43.7308303,43.7308303,7.4148651
11228742203@7.4148395/43.7308184,43.7308184,7.4148395
1869347195@7.4148032/43.7308015,43.7308015,7.4148032
1869347194@7.4146549/43.7307118,43.7307118,7.4146549
252356747@7.4145391/43.7306403,43.7306403,7.4145391
3646650981@7.4143279/43.7305133,43.7305133,7.4143279
8734567841@7.4142612/43.7304892,43.7304892,7.4142612
8734567851@7.4142283/43.7304766,43.7304766,7.4142283
3646650980@7.4141909/43.7304690,43.730469,7.4141909
8734567842@7.4141059/43.7304597,43.7304597,7.4141059
252356748@7.4140139/43.7304431,43.7304431,7.4140139
8734567843@7.4138949/43.7304100,43.73041,7.4138949
252356749@7.4135890/43.7303009,43.7303009,7.413589
11158267643@7.4132911/43.7302075,43.7302075,7.4132911
1074584534@7.4132270/43.7301762,43.7301762,7.413227
252356750@7.4131469/43.7301304,43.7301304,7.4131469
8734567856@7.4131231/43.7301135,43.7301135,7.4131231
8734567857@7.4130634/43.7300781,43.7300781,7.4130634
1074584719@7.4130327/43.7300643,43.7300643,7.4130327
252356751@7.4129973/43.7300591,43.7300591,7.4129973
2825675820@7.4129593/43.7300659,43.7300659,7.4129593
3646650958@7.4129275/43.7300768,43.7300768,7.4129275
8734567855@7.4129055/43.7300908,43.7300908,7.4129055
1074584996@7.4128915/43.7301131,43.7301131,7.4128915
1074584624@7.4128871/43.7301391,43.7301391,7.4128871
8734567852@7.4128939/43.7301592,43.7301592,7.4128939
252356752@7.4129189/43.7301871,43.7301871,7.4129189
8734567853@7.4129427/43.7301996,43.7301996,7.4129427
252356753@7.4129736/43.7302095,43.7302095,7.4129736
8734567854@7.4130319/43.7302162,43.7302162,7.4130319
1074584667@7.4130843/43.7302172,43.7302172,7.4130843
252356754@7.4131559/43.7302305,43.7302305,7.4131559
8734567872@7.4136919/43.7304050,43.730405,7.4136919
8734567873@7.4139056/43.7304853,43.7304853,7.4139056
1074584567@7.4140079/43.7305143,43.7305143,7.4140079
8734567874@7.4141686/43.7305429,43.7305429,7.4141686
3646650982@7.4142494/43.7305682,43.7305682,7.4142494
252356756@7.4143200/43.7306043,43.7306043,7.41432
8734567875@7.4143472/43.7306292,43.7306292,7.4143472
1074584749@7.4143644/43.7306634,43.7306634,7.4143644
8734567878@7.4143643/43.7306860,43.730686,7.4143643
1074584793@7.4143571/43.7307127,43.7307127,7.4143571
8734567877@7.4143372/43.7307334,43.7307334,7.4143372
8734567876@7.4143103/43.7307491,43.7307491,7.4143103
3646650983@7.4142740/43.7307612,43.7307612,7.414274
8734567879@7.4142222/43.7307662,43.7307662,7.4142222
252356757@7.4141558/43.7307569,43.7307569,7.4141558
252356758@7.4135831/43.7305303,43.7305303,7.4135831
11158267640@7.4135014/43.7305058,43.7305058,7.4135014
252356759@7.4134138/43.7304865,43.7304865,7.4134138
11449887671@7.4131465/43.7304292,43.7304292,7.4131465
1778433990@7.4131086/43.7304211,43.7304211,7.4131086
11158267605@7.4128811/43.7303831,43.7303831,7.4128811
252358384@7.4127305/43.7303411,43.7303411,7.4127305
252356760@7.4125938/43.7302884,43.7302884,7.4125938
2825675822@7.4123662/43.7302068,43.7302068,7.4123662
252356761@7.4118641/43.7300154,43.7300154,7.4118641
252356762@7.4113303/43.7298040,43.729804,7.4113303
12270681532@7.4112609/43.7297615,43.7297615,7.4112609
4939122077@7.4111536/43.7296891,43.7296891,7.4111536
252358385@7.4111145/43.7296599,43.7296599,7.4111145
11407488601@7.4109918/43.7295545,43.7295545,7.4109918
1704201322@7.4107314/43.7293458,43.7293458,7.4107314
4939122069@7.4106568/43.7292976,43.7292976,7.4106568
11451922584@7.4106261/43.7292783,43.7292783,7.4106261
1869347242@7.4160486/43.7314634,43.7314634,7.4160486
4940249415@7.4159596/43.7314294,43.7314294,7.4159596
4940249412@7.4159203/43.7314102,43.7314102,7.4159203
1074584842@7.4158798/43.7313961,43.7313961,7.4158798
4940249416@7.4158541/43.7313930,43.731393,7.4158541
4937755889@7.4158272/43.7313938,43.7313938,7.4158272
12281555155@7.4157796/43.7314126,43.7314126,7.4157796
2137099318@7.4297402/43.7366040,43.736604,7.4297402
2264703489@7.4291676/43.7376081,43.7376081,7.4291676
2137099319@7.4291113/43.7375964,43.7375964,7.4291113
1869953289@7.4123033/43.7279780,43.727978,7.4123033
2750638820@7.4123163/43.7280127,43.7280127,7.4123163
1869953296@7.4123153/43.7280486,43.7280486,7.4123153
1869953306@7.4122963/43.7280888,43.7280888,7.4122963
2225778258@7.4122601/43.7281222,43.7281222,7.4122601
10197393660@7.4122101/43.7281485,43.7281485,7.4122101
1869953323@7.4121537/43.7281551,43.7281551,7.4121537
1869953303@7.4118066/43.7278090,43.727809,7.4118066
4970548841@7.4119409/43.7278872,43.7278872,7.4119409
2225778264@7.4119661/43.7278952,43.7278952,7.4119661
10197393663@7.4119936/43.7279052,43.7279052,7.4119936
1869953327@7.4120461/43.7279211,43.7279211,7.4120461
1869953323@7.4121537/43.7281551,43.7281551,7.4121537
10197393659@7.4121261/43.7281885,43.7281885,7.4121261
2229413945@7.4121095/43.7282088,43.7282088,7.4121095
2229413959@7.4121015/43.7282255,43.7282255,7.4121015
10197393658@7.4120931/43.7282542,43.7282542,7.4120931
10197393657@7.4120941/43.7282780,43.728278,7.4120941
1870658475@7.4121034/43.7283371,43.7283371,7.4121034
1870658475@7.4121034/43.7283371,43.7283371,7.4121034
2229413963@7.4120630/43.7282935,43.7282935,7.412063
2229413961@7.4120480/43.7282678,43.7282678,7.412048
10197393661@7.4120347/43.7282345,43.7282345,7.4120347
2229413957@7.4120281/43.7282047,43.7282047,7.4120281
1870658474@7.4120255/43.7281818,43.7281818,7.4120255
2225778243@7.4120420/43.7281332,43.7281332,7.412042
1704462636@7.4173149/43.7264524,43.7264524,7.4173149
7781182039@7.4173406/43.7264722,43.7264722,7.4173406
5918203367@7.4175343/43.7265359,43.7265359,7.4175343
7781182023@7.4175669/43.7265452,43.7265452,7.4175669
2225788675@7.4123243/43.7277789,43.7277789,7.4123243
4937755913@7.4123318/43.7278174,43.7278174,7.4123318
4937755909@7.4123309/43.7278493,43.7278493,7.4123309
4937755911@7.4123226/43.7278807,43.7278807,7.4123226
2229413910@7.4123075/43.7279118,43.7279118,7.4123075
4937755910@7.4123001/43.7279418,43.7279418,7.4123001
1869953289@7.4123033/43.7279780,43.727978,7.4123033
2440513258@7.4016952/43.7215195,43.7215195,7.4016952
10859896234@7.4020024/43.7215748,43.7215748,7.4020024
10859896209@7.4021968/43.7216218,43.7216218,7.4021968
2440513256@7.4023702/43.7216733,43.7216733,7.4023702
2440513253@7.4026820/43.7217856,43.7217856,7.402682
2440513237@7.4031891/43.7219823,43.7219823,7.4031891
2440513249@7.4038055/43.7222552,43.7222552,7.4038055
2440513245@7.4045625/43.7226569,43.7226569,7.4045625
2440513231@7.4053726/43.7231783,43.7231783,7.4053726
2440513257@7.4056862/43.7234205,43.7234205,7.4056862
2440513259@7.4061503/43.7238082,43.7238082,7.4061503
2440513247@7.4064265/43.7240893,43.7240893,7.4064265
2440513239@7.4067458/43.7244655,43.7244655,7.4067458
2440513248@7.4070676/43.7249344,43.7249344,7.4070676
2440513252@7.4075800/43.7257641,43.7257641,7.40758
2440513254@7.4079958/43.7265782,43.7265782,7.4079958
2440513250@7.4097250/43.7305534,43.7305534,7.409725
2440513235@7.4101563/43.7315982,43.7315982,7.4101563
2440513241@7.4106485/43.7325827,43.7325827,7.4106485
8762145222@7.4110454/43.7331458,43.7331458,7.4110454
8762145220@7.4112761/43.7334141,43.7334141,7.4112761
2440513228@7.4120741/43.7341166,43.7341166,7.4120741
2440513227@7.4129135/43.7347038,43.7347038,7.4129135
2440513232@7.4131375/43.7348327,43.7348327,7.4131375
2440513233@7.4137731/43.7351544,43.7351544,7.4137731
2440513229@7.4144397/43.7354442,43.7354442,7.4144397
2440513244@7.4149293/43.7356254,43.7356254,7.4149293
1690189833@7.4150818/43.7356745,43.7356745,7.4150818
4329980650@7.4113381/43.7312412,43.7312412,7.4113381
4329980651@7.4113743/43.7312682,43.7312682,7.4113743
4937556566@7.4114283/43.7313365,43.7313365,7.4114283
2473698448@7.4114623/43.7313901,43.7313901,7.4114623
2473698447@7.4114885/43.7314982,43.7314982,7.4114885
4937556567@7.4114987/43.7316195,43.7316195,7.4114987
4937556563@7.4115067/43.7317499,43.7317499,7.4115067
4937556556@7.4114820/43.7320661,43.7320661,7.411482
4937556565@7.4114154/43.7323084,43.7323084,7.4114154
4937556557@7.4113156/43.7325358,43.7325358,7.4113156
2473698445@7.4111543/43.7327970,43.732797,7.4111543
2473698444@7.4100947/43.7341567,43.7341567,7.4100947
4329343076@7.4098426/43.7343931,43.7343931,7.4098426
4329343077@7.4094764/43.7347071,43.7347071,7.4094764
9332189756@7.4090681/43.7349055,43.7349055,7.4090681
4329343078@7.4086168/43.7350418,43.7350418,7.4086168
9332189755@7.4081623/43.7351105,43.7351105,7.4081623
4329343079@7.4077185/43.7351172,43.7351172,7.4077185
9332189754@7.4072177/43.7350593,43.7350593,7.4072177
4329343080@7.4067705/43.7349316,43.7349316,7.4067705
9332189753@7.4063597/43.7347531,43.7347531,7.4063597
4329343081@7.4060172/43.7345302,43.7345302,7.4060172
9332189752@7.4057570/43.7342985,43.7342985,7.405757
9332178458@7.4056429/43.7341640,43.734164,7.4056429
4329343082@7.4055576/43.7340225,43.7340225,7.4055576
9332178459@7.4054925/43.7338866,43.7338866,7.4054925
9332189757@7.4054467/43.7337368,43.7337368,7.4054467
9332178460@7.4054102/43.7335862,43.7335862,7.4054102
4329343083@7.4053929/43.7334356,43.7334356,7.4053929
9332189761@7.4054367/43.7330533,43.7330533,7.4054367
4329343084@7.4055448/43.7326866,43.7326866,7.4055448
9332189762@7.4057229/43.7324006,43.7324006,7.4057229
4329343085@7.4059761/43.7321533,43.7321533,7.4059761
9332189763@7.4061742/43.7319700,43.73197,7.4061742
4329343086@7.4064367/43.7317945,43.7317945,7.4064367
252387589@7.4240136/43.7373476,43.7373476,7.4240136
1737366164@7.4241961/43.7373825,43.7373825,7.4241961
4939122080@7.4243568/43.7374014,43.7374014,7.4243568
2189614155@7.4245725/43.7374193,43.7374193,7.4245725
6485591448@7.4246881/43.7374283,43.7374283,7.4246881
1737366166@7.4248685/43.7374405,43.7374405,7.4248685
1737366167@7.4249411/43.7374518,43.7374518,7.4249411
1737366170@7.4250128/43.7374699,43.7374699,7.4250128
6485591450@7.4250650/43.7374832,43.7374832,7.425065
1737366176@7.4251862/43.7375256,43.7375256,7.4251862
252418705@7.4299244/43.7405561,43.7405561,7.4299244
267985520@7.4298880/43.7402056,43.7402056,7.429888
273244852@7.4301941/43.7443870,43.744387,7.4301941
25242940@7.4302885/43.7445926,43.7445926,7.4302885
3460506735@7.4303988/43.7447680,43.744768,7.4303988
1079750403@7.4306856/43.7452240,43.745224,7.4306856
1869953312@7.4237917/43.7375487,43.7375487,7.4237917
1794468574@7.4231333/43.7375942,43.7375942,7.4231333
1872310872@7.4229622/43.7376053,43.7376053,7.4229622
1872310874@7.4228245/43.7376076,43.7376076,7.4228245
11410390150@7.4226638/43.7376046,43.7376046,7.4226638
1872310876@7.4225362/43.7375949,43.7375949,7.4225362
9722174446@7.4102896/43.7287571,43.7287571,7.4102896
254469806@7.4102117/43.7286992,43.7286992,7.4102117
1704201306@7.4100249/43.7285878,43.7285878,7.4100249
9722174417@7.4099868/43.7285497,43.7285497,7.4099868
9722174418@7.4099390/43.7284890,43.728489,7.409939
254469808@7.4099060/43.7284391,43.7284391,7.409906
9722174419@7.4098513/43.7282981,43.7282981,7.4098513
1704201295@7.4098402/43.7282502,43.7282502,7.4098402
9722174420@7.4098403/43.7282064,43.7282064,7.4098403
254469812@7.4098629/43.7281649,43.7281649,7.4098629
9722174421@7.4101713/43.7277864,43.7277864,7.4101713
254469813@7.4102202/43.7277108,43.7277108,7.4102202
9722149616@7.4102366/43.7276801,43.7276801,7.4102366
1704201267@7.4102443/43.7276382,43.7276382,7.4102443
12783329703@7.4102448/43.7275129,43.7275129,7.4102448
9722149614@7.4102455/43.7273222,43.7273222,7.4102455
12783329706@7.4102488/43.7272956,43.7272956,7.4102488
9722149613@7.4102522/43.7272686,43.7272686,7.4102522
254469815@7.4102680/43.7272137,43.7272137,7.410268
9722149612@7.4103620/43.7269789,43.7269789,7.410362
9722149611@7.4103810/43.7269124,43.7269124,7.410381
254469817@7.4103847/43.7268544,43.7268544,7.4103847
9722149610@7.4103822/43.7268030,43.726803,7.4103822
9722149609@7.4103632/43.7267640,43.726764,7.4103632
254469819@7.4103272/43.7267228,43.7267228,7.4103272
12783316896@7.4102866/43.7266908,43.7266908,7.4102866
1704201240@7.4102133/43.7266330,43.726633,7.4102133
1704201238@7.4101386/43.7265863,43.7265863,7.4101386
9722149608@7.4100849/43.7265722,43.7265722,7.4100849
254469820@7.4100209/43.7265651,43.7265651,7.4100209
7835804284@7.4098486/43.7265707,43.7265707,7.4098486
2626918205@7.4097080/43.7265819,43.7265819,7.409708
1704201235@7.4096092/43.7265739,43.7265739,7.4096092
1704201233@7.4095195/43.7265587,43.7265587,7.4095195
9722149607@7.4094517/43.7265399,43.7265399,7.4094517
2626888002@7.4093836/43.7265030,43.726503,7.4093836
9722149606@7.4093334/43.7264774,43.7264774,7.4093334
254469824@7.4087985/43.7261705,43.7261705,7.4087985
9722149604@7.4087602/43.7261350,43.726135,7.4087602
9722149603@7.4087357/43.7260898,43.7260898,7.4087357
254469826@7.4087244/43.7260306,43.7260306,7.4087244
9722149602@7.4087320/43.7259817,43.7259817,7.408732
1704201199@7.4087644/43.7259361,43.7259361,7.4087644
1704201197@7.4088689/43.7258535,43.7258535,7.4088689
254469829@7.4089010/43.7258166,43.7258166,7.408901
2626887776@7.4089216/43.7257664,43.7257664,7.4089216
1704201184@7.4089356/43.7257046,43.7257046,7.4089356
2626887740@7.4089308/43.7256320,43.725632,7.4089308
9534654022@7.4089198/43.7255339,43.7255339,7.4089198
254469831@7.4089264/43.7254832,43.7254832,7.4089264
254469833@7.4089595/43.7254070,43.725407,7.4089595
2626887687@7.4090234/43.7253449,43.7253449,7.4090234
9722149601@7.4090734/43.7253044,43.7253044,7.4090734
254469835@7.4091646/43.7252335,43.7252335,7.4091646
2626887669@7.4091836/43.7251987,43.7251987,7.4091836
1480601759@7.4091934/43.7251638,43.7251638,7.4091934
254469837@7.4091529/43.7249704,43.7249704,7.4091529
254469838@7.4090996/43.7249065,43.7249065,7.4090996
254469840@7.4088177/43.7246812,43.7246812,7.4088177
9722174463@7.4087884/43.7246457,43.7246457,7.4087884
254469842@7.4087888/43.7246218,43.7246218,7.4087888
12783316853@7.4088004/43.7246136,43.7246136,7.4088004
25345339@7.4088332/43.7245901,43.7245901,7.4088332
3241468403@7.4125613/43.7318029,43.7318029,7.4125613
1074584955@7.4126136/43.7318480,43.731848,7.4126136
1074584761@7.4126786/43.7319424,43.7319424,7.4126786
12744203848@7.4127008/43.7320532,43.7320532,7.4127008
280703044@7.4127100/43.7320988,43.7320988,7.41271
9083927725@7.4127260/43.7322253,43.7322253,7.412726
1675201544@7.4127396/43.7323201,43.7323201,7.4127396
9852324299@7.4127522/43.7324081,43.7324081,7.4127522
9083927724@7.4127846/43.7326335,43.7326335,7.4127846
374098959@7.4127818/43.7327361,43.7327361,7.4127818
374098962@7.4127338/43.7328775,43.7328775,7.4127338
374098963@7.4126310/43.7330139,43.7330139,7.412631
9534654017@7.4125616/43.7330769,43.7330769,7.4125616
1074584547@7.4124683/43.7331501,43.7331501,7.4124683
374098965@7.4123185/43.7332877,43.7332877,7.4123185
1074584912@7.4122062/43.7334471,43.7334471,7.4122062
374098967@7.4121558/43.7335615,43.7335615,7.4121558
1784106980@7.4121323/43.7336897,43.7336897,7.4121323
374098969@7.4121226/43.7337503,43.7337503,7.4121226
374098970@7.4121308/43.7338684,43.7338684,7.4121308
1675201548@7.4121851/43.7341383,43.7341383,7.4121851
3425740823@7.4122497/43.7343164,43.7343164,7.4122497
1675201550@7.4123464/43.7344561,43.7344561,7.4123464
25394664@7.4125695/43.7346720,43.734672,7.4125695
1784107012@7.4127364/43.7348547,43.7348547,7.4127364
3242610064@7.4137621/43.7334251,43.7334251,7.4137621
9153994028@7.4138094/43.7334444,43.7334444,7.4138094
3013026445@7.4139181/43.7334998,43.7334998,7.4139181
25200449@7.4139816/43.7335410,43.733541,7.4139816
6459886711@7.4140299/43.7335724,43.7335724,7.4140299
25198987@7.4142620/43.7337176,43.7337176,7.414262
6459886709@7.4144363/43.7338298,43.7338298,7.4144363
25198929@7.4145908/43.7339320,43.733932,7.4145908
10665475074@7.4147087/43.7340107,43.7340107,7.4147087
25198922@7.4147962/43.7340842,43.7340842,7.4147962
1352205622@7.4148552/43.7341317,43.7341317,7.4148552
1352205619@7.4149069/43.7341833,43.7341833,7.4149069
1204303579@7.4148737/43.7284100,43.72841,7.4148737
4939779321@7.4145162/43.7281259,43.7281259,7.4145162
4939772120@7.4144840/43.7280949,43.7280949,7.414484
25177737@7.4144690/43.7280561,43.7280561,7.414469
3266145216@7.4293549/43.7342449,43.7342449,7.4293549
9447253649@7.4293441/43.7342329,43.7342329,7.4293441
9447253645@7.4293395/43.7342146,43.7342146,7.4293395
9447253648@7.4293455/43.7341991,43.7341991,7.4293455
9447253646@7.4293622/43.7341827,43.7341827,7.4293622
9447253650@7.4294382/43.7341382,43.7341382,7.4294382
1878520635@7.4295643/43.7343832,43.7343832,7.4295643
1878520633@7.4293719/43.7342123,43.7342123,7.4293719
9447253644@7.4293367/43.7341855,43.7341855,7.4293367
1878520631@7.4292977/43.7341664,43.7341664,7.4292977
9447253643@7.4292551/43.7341504,43.7341504,7.4292551
1878520629@7.4292111/43.7341414,43.7341414,7.4292111
1878520628@7.4291630/43.7341354,43.7341354,7.429163
4940452764@7.4399118/43.7507273,43.7507273,7.4399118
4940452758@7.4397899/43.7506037,43.7506037,7.4397899
4940452763@7.4397019/43.7505253,43.7505253,7.4397019
4940452762@7.4395841/43.7504380,43.750438,7.4395841
21920992@7.4394723/43.7503669,43.7503669,7.4394723
4940452750@7.4393019/43.7502725,43.7502725,7.4393019
267985353@7.4297438/43.7413520,43.741352,7.4297438
1736939705@7.4297714/43.7412782,43.7412782,7.4297714
1736939703@7.4297919/43.7412392,43.7412392,7.4297919
1736939701@7.4298291/43.7411852,43.7411852,7.4298291
1736939700@7.4298505/43.7411651,43.7411651,7.4298505
1736939699@7.4298876/43.7411402,43.7411402,7.4298876
1736939698@7.4299347/43.7411211,43.7411211,7.4299347
1736939697@7.4299701/43.7411115,43.7411115,7.4299701
1736939696@7.4300082/43.7411041,43.7411041,7.4300082
273246212@7.4300992/43.7411045,43.7411045,7.4300992
21918939@7.4304298/43.7414728,43.7414728,7.4304298
1736937803@7.4304177/43.7415159,43.7415159,7.4304177
1736937819@7.4304030/43.7415519,43.7415519,7.430403
1074584604@7.4303851/43.7415869,43.7415869,7.4303851
1736937850@7.4303660/43.7416218,43.7416218,7.430366
1736937867@7.4303405/43.7416568,43.7416568,7.4303405
273245502@7.4303048/43.7416943,43.7416943,7.4303048
1736937887@7.4302562/43.7417281,43.7417281,7.4302562
1736937896@7.4302180/43.7417484,43.7417484,7.430218
273245503@7.4301626/43.7417650,43.741765,7.4301626
273245503@7.4301626/43.7417650,43.741765,7.4301626
1736937902@7.4301243/43.7417656,43.7417656,7.4301243
1736937900@7.4300784/43.7417620,43.741762,7.4300784
1736937898@7.4300324/43.7417546,43.7417546,7.4300324
273245504@7.4299486/43.7417336,43.7417336,7.4299486
1736937885@7.4299061/43.7417145,43.7417145,7.4299061
1736937871@7.4298608/43.7416841,43.7416841,7.4298608
9239193020@7.4298272/43.7416532,43.7416532,7.4298272
273245505@7.4297919/43.7416207,43.7416207,7.4297919
1736939707@7.4297647/43.7415800,43.74158,7.4297647
273245506@7.4297390/43.7414891,43.7414891,7.429739
273246212@7.4300992/43.7411045,43.7411045,7.4300992
273246269@7.4301265/43.7411082,43.7411082,7.4301265
273246214@7.4304202/43.7413155,43.7413155,7.4304202
1736939706@7.4304294/43.7413585,43.7413585,7.4304294
21918939@7.4304298/43.7414728,43.7414728,7.4304298
1784107012@7.4127364/43.7348547,43.7348547,7.4127364
1675201551@7.4128066/43.7349869,43.7349869,7.4128066
374098119@7.4129151/43.7352145,43.7352145,7.4129151
1675201552@7.4130376/43.7354743,43.7354743,7.4130376
1675201553@7.4131196/43.7356741,43.7356741,7.4131196
1870384826@7.4212208/43.7320944,43.7320944,7.4212208
1870384827@7.4214613/43.7320579,43.7320579,7.4214613
25193776@7.4215655/43.7320484,43.7320484,7.4215655
1872542716@7.4216703/43.7320447,43.7320447,7.4216703
25193781@7.4217547/43.7320465,43.7320465,7.4217547
4940692942@7.4218383/43.7320553,43.7320553,7.4218383
4940692941@7.4219435/43.7320768,43.7320768,7.4219435
1204288473@7.4219918/43.7320869,43.7320869,7.4219918
1872357124@7.4175483/43.7317451,43.7317451,7.4175483
1872357126@7.4176258/43.7317829,43.7317829,7.4176258
4940692954@7.4176953/43.7318119,43.7318119,7.4176953
1079045383@7.4178089/43.7318525,43.7318525,7.4178089
2225778243@7.4120420/43.7281332,43.7281332,7.412042
2229413940@7.4120110/43.7281136,43.7281136,7.412011
2225778235@7.4119871/43.7280894,43.7280894,7.4119871
2225778245@7.4119716/43.7280618,43.7280618,7.4119716
2225778239@7.4119654/43.7280324,43.7280324,7.4119654
1869953323@7.4121537/43.7281551,43.7281551,7.4121537
2229413942@7.4120953/43.7281510,43.728151,7.4120953
2225778243@7.4120420/43.7281332,43.7281332,7.412042
2225778239@7.4119654/43.7280324,43.7280324,7.4119654
2229413938@7.4119738/43.7279892,43.7279892,7.4119738
2225778249@7.4120018/43.7279506,43.7279506,7.4120018
1869953327@7.4120461/43.7279211,43.7279211,7.4120461
1868723951@7.4295803/43.7455897,43.7455897,7.4295803
1868723941@7.4297448/43.7456883,43.7456883,7.4297448
1868723926@7.4298866/43.7457792,43.7457792,7.4298866
1868723943@7.4299986/43.7458513,43.7458513,7.4299986
21918500@7.4301052/43.7459324,43.7459324,7.4301052
272637923@7.4275372/43.7399476,43.7399476,7.4275372
272637895@7.4276466/43.7400580,43.740058,7.4276466
21914841@7.4277541/43.7401666,43.7401666,7.4277541
6501789824@7.4129989/43.7311411,43.7311411,7.4129989
25201028@7.4131015/43.7311516,43.7311516,7.4131015
3656076413@7.4132249/43.7311778,43.7311778,7.4132249
9404246806@7.4133347/43.7312231,43.7312231,7.4133347
25201033@7.4134081/43.7312706,43.7312706,7.4134081
3656076414@7.4134722/43.7313250,43.731325,7.4134722
25201038@7.4135243/43.7313896,43.7313896,7.4135243
1784106882@7.4135525/43.7314554,43.7314554,7.4135525
9244492860@7.4113137/43.7312991,43.7312991,7.4113137
4329980646@7.4112241/43.7312965,43.7312965,7.4112241
10665475072@7.4111623/43.7312852,43.7312852,7.4111623
9400312136@7.4111012/43.7312665,43.7312665,7.4111012
4329989342@7.4110203/43.7312336,43.7312336,7.4110203
4329989343@7.4107680/43.7311358,43.7311358,7.410768
4329992817@7.4106015/43.7310737,43.7310737,7.4106015
1690189849@7.4211461/43.7398899,43.7398899,7.4211461
4424273192@7.4213747/43.7401207,43.7401207,7.4213747
3416090599@7.4216028/43.7403292,43.7403292,7.4216028
1930545584@7.4210880/43.7399220,43.739922,7.421088
4424273193@7.4213163/43.7401479,43.7401479,7.4213163
4424273194@7.4215385/43.7403639,43.7403639,7.4215385
1690189833@7.4150818/43.7356745,43.7356745,7.4150818
8762145159@7.4157893/43.7359240,43.735924,7.4157893
8762139308@7.4167157/43.7363509,43.7363509,7.4167157
8762145156@7.4173842/43.7366877,43.7366877,7.4173842
8762139315@7.4179879/43.7370251,43.7370251,7.4179879
8762145152@7.4185013/43.7373438,43.7373438,7.4185013
1930559074@7.4189927/43.7377098,43.7377098,7.4189927
8740887121@7.4192580/43.7379372,43.7379372,7.419258
1690189842@7.4195398/43.7382091,43.7382091,7.4195398
9952646937@7.4195478/43.7382175,43.7382175,7.4195478
1690189849@7.4211461/43.7398899,43.7398899,7.4211461
4436131586@7.4128008/43.7296906,43.7296906,7.4128008
4934328841@7.4128009/43.7296038,43.7296038,7.4128009
4934328840@7.4127942/43.7295437,43.7295437,7.4127942
11228742188@7.4127835/43.7294982,43.7294982,7.4127835
4453063930@7.4127513/43.7294245,43.7294245,7.4127513
4453063924@7.4125771/43.7291392,43.7291392,7.4125771
4453073043@7.4128042/43.7292053,43.7292053,7.4128042
10197393645@7.4128449/43.7292666,43.7292666,7.4128449
11228742193@7.4128701/43.7293096,43.7293096,7.4128701
4453073044@7.4128925/43.7293619,43.7293619,7.4128925
4453073041@7.4129444/43.7294847,43.7294847,7.4129444
3646650938@7.4129686/43.7295886,43.7295886,7.4129686
4329343086@7.4064367/43.7317945,43.7317945,7.4064367
9332189764@7.4068156/43.7316439,43.7316439,7.4068156
4329343087@7.4072375/43.7315398,43.7315398,7.4072375
3903848626@7.4076724/43.7314688,43.7314688,7.4076724
4329343088@7.4081602/43.7314740,43.731474,7.4081602
9332189765@7.4084816/43.7315196,43.7315196,7.4084816
8762145184@7.4087816/43.7315807,43.7315807,7.4087816
4329343789@7.4094958/43.7317608,43.7317608,7.4094958
8762145183@7.4099216/43.7318181,43.7318181,7.4099216
4937556560@7.4103856/43.7318418,43.7318418,7.4103856
4937556559@7.4108526/43.7317953,43.7317953,7.4108526
4329343791@7.4112509/43.7316787,43.7316787,7.4112509
4937556558@7.4115312/43.7315727,43.7315727,7.4115312
4329343792@7.4117524/43.7314608,43.7314608,7.4117524
4937556562@7.4120515/43.7312821,43.7312821,7.4120515
4329343793@7.4123027/43.7310770,43.731077,7.4123027
4937556561@7.4124756/43.7308637,43.7308637,7.4124756
4329343794@7.4125973/43.7306392,43.7306392,7.4125973
4329343795@7.4126547/43.7304747,43.7304747,7.4126547
4937556569@7.4127470/43.7300722,43.7300722,7.412747
11228742197@7.4127771/43.7298999,43.7298999,7.4127771
4436131586@7.4128008/43.7296906,43.7296906,7.4128008
4329992817@7.4106015/43.7310737,43.7310737,7.4106015
9404246808@7.4107155/43.7310618,43.7310618,7.4107155
9404246807@7.4107973/43.7310681,43.7310681,7.4107973
4329989344@7.4108762/43.7310796,43.7310796,7.4108762
4329980643@7.4113755/43.7311760,43.731176,7.4113755
4329992817@7.4106015/43.7310737,43.7310737,7.4106015
4329980649@7.4108644/43.7311195,43.7311195,7.4108644
9400312137@7.4111541/43.7311873,43.7311873,7.4111541
10665475071@7.4112608/43.7312114,43.7312114,7.4112608
4329980650@7.4113381/43.7312412,43.7312412,7.4113381
8740887117@7.4125217/43.7335666,43.7335666,7.4125217
8740887118@7.4119443/43.7337693,43.7337693,7.4119443
4366962497@7.4114527/43.7338855,43.7338855,7.4114527
8740874116@7.4109354/43.7339607,43.7339607,7.4109354
4366888265@7.4103211/43.7339793,43.7339793,7.4103211
4366962498@7.4096841/43.7339455,43.7339455,7.4096841
4366888266@7.4092145/43.7338753,43.7338753,7.4092145
3242610063@7.4136512/43.7333427,43.7333427,7.4136512
3242610068@7.4136754/43.7333348,43.7333348,7.4136754
3242610069@7.4137019/43.7333329,43.7333329,7.4137019
3242610075@7.4137278/43.7333374,43.7333374,7.4137278
8903609848@7.4137503/43.7333477,43.7333477,7.4137503
3242610078@7.4137669/43.7333628,43.7333628,7.4137669
3242610079@7.4137751/43.7333781,43.7333781,7.4137751
3242610087@7.4137770/43.7333944,43.7333944,7.413777
8903609849@7.4137726/43.7334105,43.7334105,7.4137726
3242610064@7.4137621/43.7334251,43.7334251,7.4137621
1696714161@7.4134796/43.7319137,43.7319137,7.4134796
25201047@7.4134810/43.7319548,43.7319548,7.413481
1712696759@7.4192355/43.7323981,43.7323981,7.4192355
3883559102@7.4193360/43.7323712,43.7323712,7.419336
1306034044@7.4196256/43.7322973,43.7322973,7.4196256
1079750202@7.4305032/43.7428351,43.7428351,7.4305032
1079750690@7.4304898/43.7427540,43.742754,7.4304898
1079750894@7.4303912/43.7422240,43.742224,7.4303912
1079750289@7.4303605/43.7419497,43.7419497,7.4303605
1079750571@7.4303446/43.7418826,43.7418826,7.4303446
1736938082@7.4303233/43.7418504,43.7418504,7.4303233
273247027@7.4302867/43.7418185,43.7418185,7.4302867
21918939@7.4304298/43.7414728,43.7414728,7.4304298
10908605631@7.4304713/43.7415665,43.7415665,7.4304713
1074584680@7.4305038/43.7417253,43.7417253,7.4305038
273246928@7.4305378/43.7419513,43.7419513,7.4305378
25242933@7.4305575/43.7421873,43.7421873,7.4305575
21919006@7.4306302/43.7427422,43.7427422,7.4306302
1079751501@7.4306447/43.7428212,43.7428212,7.4306447
1079751204@7.4341117/43.7473392,43.7473392,7.4341117
9582163332@7.4339609/43.7472537,43.7472537,7.4339609
9582163329@7.4338132/43.7471700,43.74717,7.4338132
25239167@7.4337350/43.7471253,43.7471253,7.433735
25242948@7.4333856/43.7469213,43.7469213,7.4333856
9400287685@7.4333129/43.7468645,43.7468645,7.4333129
1079751542@7.4332520/43.7468076,43.7468076,7.433252
25239166@7.4331550/43.7466993,43.7466993,7.433155
12421715340@7.4331276/43.7466684,43.7466684,7.4331276
1079751081@7.4330887/43.7466244,43.7466244,7.4330887
10665719666@7.4330317/43.7465599,43.7465599,7.4330317
1079751629@7.4329721/43.7465227,43.7465227,7.4329721
10688011474@7.4328029/43.7464201,43.7464201,7.4328029
10688011473@7.4336055/43.7468414,43.7468414,7.4336055
642353783@7.4338724/43.7470007,43.7470007,7.4338724
9582163327@7.4339575/43.7470554,43.7470554,7.4339575
9582163333@7.4340907/43.7471251,43.7471251,7.4340907
1079751429@7.4342119/43.7472003,43.7472003,7.4342119
1869953327@7.4120461/43.7279211,43.7279211,7.4120461
2225778261@7.4120928/43.7279058,43.7279058,7.4120928
1869953321@7.4121558/43.7279013,43.7279013,7.4121558
2225778247@7.4122169/43.7279131,43.7279131,7.4122169
4937755912@7.4122683/43.7279399,43.7279399,7.4122683
1869953289@7.4123033/43.7279780,43.727978,7.4123033
8047787744@7.4177034/43.7328346,43.7328346,7.4177034
4937755874@7.4178429/43.7327601,43.7327601,7.4178429
25182101@7.4182698/43.7326660,43.732666,7.4182698
4937755865@7.4182210/43.7326785,43.7326785,7.418221
4940692945@7.4181700/43.7326846,43.7326846,7.41817
4937755866@7.4181183/43.7326843,43.7326843,7.4181183
4937755867@7.4180753/43.7326720,43.732672,7.4180753
4937755868@7.4180387/43.7326515,43.7326515,7.4180387
1918966551@7.4180114/43.7326244,43.7326244,7.4180114
4937755874@7.4178429/43.7327601,43.7327601,7.4178429
4937755873@7.4179250/43.7327288,43.7327288,7.417925
4937755899@7.4125710/43.7276052,43.7276052,7.412571
2225788702@7.4125031/43.7276144,43.7276144,7.4125031
4937755891@7.4124328/43.7276022,43.7276022,7.4124328
2225788695@7.4123758/43.7275733,43.7275733,7.4123758
4937755900@7.4123372/43.7275303,43.7275303,7.4123372
4937755901@7.4122315/43.7273496,43.7273496,7.4122315
2225788711@7.4122138/43.7272899,43.7272899,7.4122138
4937755902@7.4122356/43.7272350,43.727235,7.4122356
2225788707@7.4122964/43.7271974,43.7271974,7.4122964
2225788689@7.4127705/43.7270682,43.7270682,7.4127705
4937755903@7.4128600/43.7270562,43.7270562,7.41286
2225788680@7.4129323/43.7270640,43.727064,7.4129323
4937755893@7.4130040/43.7270959,43.7270959,7.413004
2225788705@7.4130476/43.7271387,43.7271387,7.4130476
4937755894@7.4131153/43.7272571,43.7272571,7.4131153
4937755907@7.4131463/43.7273005,43.7273005,7.4131463
4937755908@7.4132017/43.7273324,43.7273324,7.4132017
2225788686@7.4132657/43.7273482,43.7273482,7.4132657
4937755917@7.4122621/43.7277805,43.7277805,7.4122621
4937755915@7.4122802/43.7277452,43.7277452,7.4122802
4937755916@7.4122908/43.7277083,43.7277083,7.4122908
4937755916@7.4122908/43.7277083,43.7277083,7.4122908
4937755914@7.4123103/43.7277429,43.7277429,7.4123103
2225788675@7.4123243/43.7277789,43.7277789,7.4123243
2225778261@7.4120928/43.7279058,43.7279058,7.4120928
4937755920@7.4121457/43.7278829,43.7278829,7.4121457
4937755919@7.4121925/43.7278538,43.7278538,7.4121925
4937755918@7.4122317/43.7278193,43.7278193,7.4122317
4937755917@7.4122621/43.7277805,43.7277805,7.4122621
1868767862@7.4190775/43.7372207,43.7372207,7.4190775
2185515257@7.4187532/43.7374349,43.7374349,7.4187532
4938342178@7.4186537/43.7374948,43.7374948,7.4186537
1868767795@7.4185257/43.7375409,43.7375409,7.4185257
25198791@7.4181048/43.7375494,43.7375494,7.4181048
10665475082@7.4181448/43.7375750,43.737575,7.4181448
9532542919@7.4181868/43.7375900,43.73759,7.4181868
10665475083@7.4182374/43.7376001,43.7376001,7.4182374
1868767803@7.4182842/43.7376031,43.7376031,7.4182842
1868767787@7.4183381/43.7376046,43.7376046,7.4183381
10665475084@7.4183933/43.7375959,43.7375959,7.4183933
9532542918@7.4184423/43.7375804,43.7375804,7.4184423
1868767795@7.4185257/43.7375409,43.7375409,7.4185257
1079751174@7.4318453/43.7451179,43.7451179,7.4318453
1204288316@7.4318483/43.7451637,43.7451637,7.4318483
9582019271@7.4318692/43.7452329,43.7452329,7.4318692
9582019275@7.4320120/43.7454872,43.7454872,7.432012
21919043@7.4320778/43.7455929,43.7455929,7.4320778
21919088@7.4322706/43.7458537,43.7458537,7.4322706
9400287677@7.4323932/43.7459726,43.7459726,7.4323932
9400287678@7.4325243/43.7460930,43.746093,7.4325243
9582163325@7.4327508/43.7462778,43.7462778,7.4327508
1204288337@7.4331846/43.7465673,43.7465673,7.4331846
25242946@7.4334133/43.7467199,43.7467199,7.4334133
9400287691@7.4351900/43.7481424,43.7481424,7.43519
21919093@7.4352202/43.7481683,43.7481683,7.4352202
12371341012@7.4352701/43.7482061,43.7482061,7.4352701
12371341011@7.4353452/43.7482596,43.7482596,7.4353452
6743193962@7.4355046/43.7483485,43.7483485,7.4355046
6743181535@7.4358329/43.7485042,43.7485042,7.4358329
25242951@7.4359281/43.7485525,43.7485525,7.4359281
25239168@7.4361604/43.7486422,43.7486422,7.4361604
9954248569@7.4362390/43.7486766,43.7486766,7.436239
12371341020@7.4363844/43.7487516,43.7487516,7.4363844
7281483692@7.4365575/43.7488249,43.7488249,7.4365575
25242952@7.4368672/43.7489530,43.748953,7.4368672
7281483696@7.4370867/43.7490492,43.7490492,7.4370867
1079750382@7.4371379/43.7490542,43.7490542,7.4371379
273247027@7.4302867/43.7418185,43.7418185,7.4302867
9239193016@7.4302313/43.7417908,43.7417908,7.4302313
9580510835@7.4301997/43.7417789,43.7417789,7.4301997
273245503@7.4301626/43.7417650,43.741765,7.4301626
1079750775@7.4372440/43.7491569,43.7491569,7.437244
1079751328@7.4371796/43.7491424,43.7491424,7.4371796
1204288318@7.4370846/43.7491104,43.7491104,7.4370846
12371341019@7.4364832/43.7488560,43.748856,7.4364832
1079751632@7.4362391/43.7487510,43.748751,7.4362391
12371341021@7.4361911/43.7487300,43.74873,7.4361911
12371341018@7.4360997/43.7486898,43.7486898,7.4360997
1079750378@7.4358874/43.7485926,43.7485926,7.4358874
4939084245@7.4354656/43.7483892,43.7483892,7.4354656
1869347215@7.4149265/43.7308176,43.7308176,7.4149265
4940249421@7.4153988/43.7310839,43.7310839,7.4153988
11228742206@7.4154647/43.7311130,43.731113,7.4154647
4940249420@7.4155679/43.7311524,43.7311524,7.4155679
1868736586@7.4142671/43.7303922,43.7303922,7.4142671
2109529551@7.4143655/43.7304681,43.7304681,7.4143655
4940249422@7.4147935/43.7307310,43.730731,7.4147935
1869347215@7.4149265/43.7308176,43.7308176,7.4149265
21918825@7.4297948/43.7435479,43.7435479,7.4297948
4940452488@7.4297832/43.7435108,43.7435108,7.4297832
4940452498@7.4297542/43.7433922,43.7433922,7.4297542
4940452500@7.4297327/43.7432728,43.7432728,7.4297327
4940452497@7.4297186/43.7431529,43.7431529,7.4297186
1074585054@7.4297120/43.7430326,43.7430326,7.429712
4940452499@7.4297129/43.7429122,43.7429122,7.4297129
273246003@7.4297212/43.7427919,43.7427919,7.4297212
273244852@7.4301941/43.7443870,43.744387,7.4301941
4940452496@7.4299866/43.7440127,43.7440127,7.4299866
4940452734@7.4316525/43.7463288,43.7463288,7.4316525
4940452728@7.4319668/43.7465094,43.7465094,7.4319668
21919238@7.4315599/43.7462686,43.7462686,7.4315599
4940452734@7.4316525/43.7463288,43.7463288,7.4316525
4940452748@7.4386022/43.7499111,43.7499111,7.4386022
9954248599@7.4390120/43.7500951,43.7500951,7.439012
21920975@7.4390883/43.7501387,43.7501387,7.4390883
1079750314@7.4392479/43.7502206,43.7502206,7.4392479
4940452750@7.4393019/43.7502725,43.7502725,7.4393019
1079750314@7.4392479/43.7502206,43.7502206,7.4392479
1079750314@7.4392479/43.7502206,43.7502206,7.4392479
4940452751@7.4393277/43.7502406,43.7502406,7.4393277
1870384824@7.4210606/43.7320968,43.7320968,7.4210606
1870384826@7.4212208/43.7320944,43.7320944,7.4212208
1306034044@7.4196256/43.7322973,43.7322973,7.4196256
1800775440@7.4197965/43.7322481,43.7322481,7.4197965
1074584632@7.4188525/43.7323654,43.7323654,7.4188525
2399195738@7.4188715/43.7323780,43.732378,7.4188715
2104842206@7.4189051/43.7324080,43.732408,7.4189051
4937556546@7.4187773/43.7325278,43.7325278,7.4187773
3883559105@7.4186482/43.7325569,43.7325569,7.4186482
25182101@7.4182698/43.7326660,43.732666,7.4182698
1204288473@7.4219918/43.7320869,43.7320869,7.4219918
25191904@7.4220576/43.7321018,43.7321018,7.4220576
1573123086@7.4223791/43.7321425,43.7321425,7.4223791
25191847@7.4226785/43.7321826,43.7321826,7.4226785
1079045383@7.4178089/43.7318525,43.7318525,7.4178089
6340759102@7.4178388/43.7318526,43.7318526,7.4178388
6340759101@7.4178998/43.7318487,43.7318487,7.4178998
4940692956@7.4179411/43.7318563,43.7318563,7.4179411
1872357142@7.4182744/43.7320397,43.7320397,7.4182744
1079045346@7.4183468/43.7320740,43.732074,7.4183468
1079045383@7.4178089/43.7318525,43.7318525,7.4178089
4940692958@7.4179676/43.7319103,43.7319103,7.4179676
4940692957@7.4181228/43.7319727,43.7319727,7.4181228
1872357142@7.4182744/43.7320397,43.7320397,7.4182744
1866423016@7.4190681/43.7324756,43.7324756,7.4190681
1866422976@7.4190671/43.7324924,43.7324924,7.4190671
6340759109@7.4190614/43.7325087,43.7325087,7.4190614
1866422973@7.4190511/43.7325237,43.7325237,7.4190511
1866423018@7.4190368/43.7325370,43.732537,7.4190368
6340759110@7.4190191/43.7325478,43.7325478,7.4190191
1866423009@7.4189986/43.7325558,43.7325558,7.4189986
2750633039@7.4189763/43.7325605,43.7325605,7.4189763
6340759111@7.4189531/43.7325619,43.7325619,7.4189531
4937556550@7.4189301/43.7325598,43.7325598,7.4189301
4937556551@7.4189081/43.7325543,43.7325543,7.4189081
1866422978@7.4188882/43.7325457,43.7325457,7.4188882
4970587876@7.4252664/43.7412557,43.7412557,7.4252664
12560730559@7.4252069/43.7411908,43.7411908,7.4252069
258071979@7.4251449/43.7411231,43.7411231,7.4251449
4970587864@7.4253874/43.7413902,43.7413902,7.4253874
4970587861@7.4253183/43.7413138,43.7413138,7.4253183
258071978@7.4253017/43.7412944,43.7412944,7.4253017
4970587876@7.4252664/43.7412557,43.7412557,7.4252664
258071974@7.4259025/43.7416736,43.7416736,7.4259025
4970587873@7.4258333/43.7416661,43.7416661,7.4258333
4970587872@7.4257502/43.7416486,43.7416486,7.4257502
4970587871@7.4256801/43.7416251,43.7416251,7.4256801
4970587870@7.4256120/43.7415928,43.7415928,7.425612
4970587869@7.4255551/43.7415554,43.7415554,7.4255551
4970587868@7.4254982/43.7415106,43.7415106,7.4254982
4970587867@7.4254474/43.7414570,43.741457,7.4254474
4970587864@7.4253874/43.7413902,43.7413902,7.4253874
258071979@7.4251449/43.7411231,43.7411231,7.4251449
1699777833@7.4251075/43.7410827,43.7410827,7.4251075
21914666@7.4297349/43.7403489,43.7403489,7.4297349
1736929799@7.4297431/43.7403300,43.74033,7.4297431
1726583818@7.4297463/43.7403141,43.7403141,7.4297463
1736929769@7.4297439/43.7402856,43.7402856,7.4297439
25239170@7.4297314/43.7402618,43.7402618,7.4297314
9416148971@7.4297231/43.7402517,43.7402517,7.4297231
1736929754@7.4297097/43.7402396,43.7402396,7.4297097
25240094@7.4296895/43.7402260,43.740226,7.4296895
1736929737@7.4296636/43.7402159,43.7402159,7.4296636
21914722@7.4296386/43.7402092,43.7402092,7.4296386
9416148972@7.4296178/43.7402055,43.7402055,7.4296178
25240095@7.4295996/43.7402054,43.7402054,7.4295996
1736929736@7.4295853/43.7402057,43.7402057,7.4295853
1726583915@7.4295617/43.7402108,43.7402108,7.4295617
1736929745@7.4295380/43.7402213,43.7402213,7.429538
1726583789@7.4295131/43.7402391,43.7402391,7.4295131
5504680055@7.4294967/43.7402573,43.7402573,7.4294967
9416148973@7.4294825/43.7402770,43.740277,7.4294825
5504680056@7.4294729/43.7403011,43.7403011,7.4294729
25239171@7.4294582/43.7403300,43.74033,7.4294582
1736929805@7.4294295/43.7403706,43.7403706,7.4294295
1726583816@7.4293974/43.7404100,43.74041,7.4293974
1736929829@7.4293751/43.7404343,43.7404343,7.4293751
25239176@7.4293493/43.7404592,43.7404592,7.4293493
6485591886@7.4293144/43.7404953,43.7404953,7.4293144
6485591885@7.4292581/43.7405536,43.7405536,7.4292581
1736929901@7.4292216/43.7405914,43.7405914,7.4292216
1736929909@7.4291921/43.7406247,43.7406247,7.4291921
1726583858@7.4291697/43.7406539,43.7406539,7.4291697
1736929930@7.4291530/43.7406785,43.7406785,7.429153
21914761@7.4291401/43.7407055,43.7407055,7.4291401
1736929937@7.4291322/43.7407260,43.740726,7.4291322
25239177@7.4291256/43.7407531,43.7407531,7.4291256
1736930314@7.4291201/43.7408062,43.7408062,7.4291201
1726583856@7.4291189/43.7408605,43.7408605,7.4291189
1736930331@7.4291154/43.7409035,43.7409035,7.4291154
1074584822@7.4291054/43.7409413,43.7409413,7.4291054
6485591484@7.4290855/43.7409727,43.7409727,7.4290855
21914797@7.4290766/43.7409868,43.7409868,7.4290766
1736930362@7.4290554/43.7410131,43.7410131,7.4290554
1726583826@7.4290259/43.7410395,43.7410395,7.4290259
1736930367@7.4289931/43.7410615,43.7410615,7.4289931
25239178@7.4289560/43.7410815,43.7410815,7.428956
1736930368@7.4289249/43.7410938,43.7410938,7.4289249
1726583811@7.4288861/43.7411027,43.7411027,7.4288861
1736930371@7.4288526/43.7411083,43.7411083,7.4288526
1737114648@7.4288124/43.7411123,43.7411123,7.4288124
5504165650@7.4281042/43.7385976,43.7385976,7.4281042
5504165651@7.4280792/43.7386036,43.7386036,7.4280792
5504165634@7.4280638/43.7386121,43.7386121,7.4280638
5504165649@7.4280584/43.7386151,43.7386151,7.4280584
5504165635@7.4280441/43.7386305,43.7386305,7.4280441
5504165636@7.4280375/43.7386484,43.7386484,7.4280375
5504165637@7.4280391/43.7386669,43.7386669,7.4280391
1737272395@7.4280488/43.7386840,43.738684,7.4280488
5504165638@7.4280656/43.7386980,43.738698,7.4280656
5504165639@7.4280878/43.7387074,43.7387074,7.4280878
5504165640@7.4281129/43.7387111,43.7387111,7.4281129
5504165641@7.4281383/43.7387089,43.7387089,7.4281383
5504165642@7.4281620/43.7387006,43.7387006,7.428162
5504165643@7.4281805/43.7386871,43.7386871,7.4281805
5504165644@7.4281920/43.7386700,43.73867,7.428192
5504165645@7.4281950/43.7386512,43.7386512,7.428195
5504165646@7.4281894/43.7386326,43.7386326,7.4281894
1074585010@7.4281756/43.7386165,43.7386165,7.4281756
5504165647@7.4281552/43.7386045,43.7386045,7.4281552
5504165648@7.4281305/43.7385979,43.7385979,7.4281305
5504165650@7.4281042/43.7385976,43.7385976,7.4281042
821248627@7.4171314/43.7372002,43.7372002,7.4171314
826809718@7.4172523/43.7371752,43.7371752,7.4172523
9532506796@7.4173017/43.7371685,43.7371685,7.4173017
252421665@7.4173356/43.7371674,43.7371674,7.4173356
821248627@7.4171314/43.7372002,43.7372002,7.4171314
10665475080@7.4170555/43.7371851,43.7371851,7.4170555
821248660@7.4169685/43.7371584,43.7371584,7.4169685
251721708@7.4168696/43.7371118,43.7371118,7.4168696
4937755873@7.4179250/43.7327288,43.7327288,7.417925
4937755872@7.4179771/43.7327065,43.7327065,7.4179771
4937755871@7.4179984/43.7326867,43.7326867,7.4179984
4937755870@7.4180116/43.7326625,43.7326625,7.4180116
1918966551@7.4180114/43.7326244,43.7326244,7.4180114
4940692951@7.4175544/43.7319944,43.7319944,7.4175544
6480060599@7.4175115/43.7319332,43.7319332,7.4175115
2109529537@7.4174558/43.7318555,43.7318555,7.4174558
6482567685@7.4132073/43.7269639,43.7269639,7.4132073
6482565684@7.4131724/43.7269368,43.7269368,7.4131724
6482567686@7.4134473/43.7271112,43.7271112,7.4134473
1704201253@7.4133090/43.7270365,43.7270365,7.413309
6482567685@7.4132073/43.7269639,43.7269639,7.4132073
4937756521@7.4135262/43.7271603,43.7271603,7.4135262
6482567686@7.4134473/43.7271112,43.7271112,7.4134473
6482843214@7.4098666/43.7256996,43.7256996,7.4098666
25345334@7.4099697/43.7257485,43.7257485,7.4099697
1074584799@7.4101255/43.7257985,43.7257985,7.4101255
2626887805@7.4105031/43.7259033,43.7259033,7.4105031
25345347@7.4106127/43.7259454,43.7259454,7.4106127
9722174456@7.4106853/43.7259865,43.7259865,7.4106853
1074584756@7.4107574/43.7260380,43.726038,7.4107574
25345337@7.4108333/43.7261100,43.72611,7.4108333
25345342@7.4109104/43.7262013,43.7262013,7.4109104
25345345@7.4109599/43.7262819,43.7262819,7.4109599
25345332@7.4110791/43.7264971,43.7264971,7.4110791
6369733657@7.4111471/43.7266162,43.7266162,7.4111471
2626888075@7.4111799/43.7266769,43.7266769,7.4111799
1074584573@7.4112680/43.7268414,43.7268414,7.411268
2626888114@7.4113135/43.7269238,43.7269238,7.4113135
6369733658@7.4113713/43.7270283,43.7270283,7.4113713
2626888148@7.4114707/43.7272053,43.7272053,7.4114707
6369733656@7.4115857/43.7274098,43.7274098,7.4115857
2626888208@7.4116940/43.7276035,43.7276035,7.411694
25345324@7.4117736/43.7277460,43.727746,7.4117736
1869953303@7.4118066/43.7278090,43.727809,7.4118066
4937556547@7.4188440/43.7324904,43.7324904,7.418844
6340759105@7.4188435/43.7324740,43.732474,7.4188435
2104842204@7.4188476/43.7324579,43.7324579,7.4188476
6340759113@7.4188561/43.7324427,43.7324427,7.4188561
6340759106@7.4188686/43.7324290,43.732429,7.4188686
1866423007@7.4188847/43.7324175,43.7324175,7.4188847
2104842206@7.4189051/43.7324080,43.732408,7.4189051
25182046@7.4189985/43.7324053,43.7324053,7.4189985
1866422995@7.4190205/43.7324141,43.7324141,7.4190205
6340759108@7.4190393/43.7324261,43.7324261,7.4190393
6340759112@7.4190540/43.7324409,43.7324409,7.419054
4937556552@7.4190637/43.7324577,43.7324577,7.4190637
11452040791@7.4190656/43.7324653,43.7324653,7.4190656
1866423016@7.4190681/43.7324756,43.7324756,7.4190681
2104842206@7.4189051/43.7324080,43.732408,7.4189051
2750633037@7.4189264/43.7324020,43.732402,7.4189264
6340759107@7.4189506/43.7323993,43.7323993,7.4189506
4940692960@7.4189750/43.7324004,43.7324004,7.418975
25182046@7.4189985/43.7324053,43.7324053,7.4189985
1866422978@7.4188882/43.7325457,43.7325457,7.4188882
4937556548@7.4188715/43.7325346,43.7325346,7.4188715
6340759104@7.4188582/43.7325213,43.7325213,7.4188582
6340759114@7.4188489/43.7325063,43.7325063,7.4188489
4937556547@7.4188440/43.7324904,43.7324904,7.418844
1738360266@7.4217398/43.7368418,43.7368418,7.4217398
1074584976@7.4218242/43.7368524,43.7368524,7.4218242
1738360270@7.4219111/43.7368635,43.7368635,7.4219111
1738360272@7.4220043/43.7368716,43.7368716,7.4220043
6444966396@7.4222209/43.7368939,43.7368939,7.4222209
6444966397@7.4224519/43.7369176,43.7369176,7.4224519
6444966399@7.4229382/43.7369676,43.7369676,7.4229382
1738369860@7.4229924/43.7369732,43.7369732,7.4229924
21914340@7.4231414/43.7369886,43.7369886,7.4231414
6696261618@7.4259768/43.7326576,43.7326576,7.4259768
25191508@7.4273553/43.7329696,43.7329696,7.4273553
4939084245@7.4354656/43.7483892,43.7483892,7.4354656
6743193962@7.4355046/43.7483485,43.7483485,7.4355046
6743193962@7.4355046/43.7483485,43.7483485,7.4355046
6743181533@7.4356089/43.7483137,43.7483137,7.4356089
6743181534@7.4358188/43.7484203,43.7484203,7.4358188
6743181535@7.4358329/43.7485042,43.7485042,7.4358329
25177167@7.4147839/43.7306609,43.7306609,7.4147839
6851350848@7.4148785/43.7307285,43.7307285,7.4148785
6851350849@7.4151386/43.7308902,43.7308902,7.4151386
10197393651@7.4154866/43.7310914,43.7310914,7.4154866
4940249420@7.4155679/43.7311524,43.7311524,7.4155679
272958770@7.4214454/43.7368601,43.7368601,7.4214454
1738360269@7.4214503/43.7368457,43.7368457,7.4214503
272958771@7.4214629/43.7368312,43.7368312,7.4214629
6444966510@7.4214702/43.7368263,43.7368263,7.4214702
1738360259@7.4214859/43.7368160,43.736816,7.4214859
1726583774@7.4215168/43.7368039,43.7368039,7.4215168
1738360254@7.4215514/43.7367978,43.7367978,7.4215514
21914339@7.4215881/43.7367969,43.7367969,7.4215881
1868736586@7.4142671/43.7303922,43.7303922,7.4142671
11228742186@7.4143715/43.7304307,43.7304307,7.4143715
11228742187@7.4144282/43.7304556,43.7304556,7.4144282
11228742185@7.4144849/43.7304875,43.7304875,7.4144849
11228742184@7.4146743/43.7305948,43.7305948,7.4146743
25177167@7.4147839/43.7306609,43.7306609,7.4147839
6152414422@7.4243790/43.7401224,43.7401224,7.424379
4317081676@7.4244312/43.7401515,43.7401515,7.4244312
258071984@7.4242946/43.7401883,43.7401883,7.4242946
440135640@7.4241456/43.7400867,43.7400867,7.4241456
258071985@7.4239983/43.7399942,43.7399942,7.4239983
21917586@7.4239342/43.7399395,43.7399395,7.4239342
258072562@7.4248856/43.7408323,43.7408323,7.4248856
258071982@7.4245799/43.7404871,43.7404871,7.4245799
258072016@7.4244852/43.7403809,43.7403809,7.4244852
25198472@7.4192668/43.7386535,43.7386535,7.4192668
4937667920@7.4192106/43.7385985,43.7385985,7.4192106
1265685487@7.4191578/43.7385350,43.738535,7.4191578
9532495611@7.4191149/43.7384699,43.7384699,7.4191149
1870233792@7.4190662/43.7383734,43.7383734,7.4190662
25198488@7.4190477/43.7383206,43.7383206,7.4190477
10665475088@7.4190384/43.7382945,43.7382945,7.4190384
25198559@7.4190334/43.7382617,43.7382617,7.4190334
1079750568@7.4198758/43.7387972,43.7387972,7.4198758
4937667916@7.4197871/43.7388202,43.7388202,7.4197871
25197679@7.4196733/43.7388253,43.7388253,7.4196733
3883559267@7.4174129/43.7372624,43.7372624,7.4174129
257158605@7.4173557/43.7372467,43.7372467,7.4173557
1699777833@7.4251075/43.7410827,43.7410827,7.4251075
258071980@7.4249381/43.7408978,43.7408978,7.4249381
258072562@7.4248856/43.7408323,43.7408323,7.4248856
7568749016@7.4276779/43.7390344,43.7390344,7.4276779
7568749018@7.4276904/43.7390755,43.7390755,7.4276904
9239193029@7.4276698/43.7391733,43.7391733,7.4276698
11148572589@7.4276001/43.7392297,43.7392297,7.4276001
7568749021@7.4274645/43.7393084,43.7393084,7.4274645
7568749022@7.4273957/43.7393506,43.7393506,7.4273957
7568749023@7.4273580/43.7394046,43.7394046,7.427358
7568749027@7.4273495/43.7394645,43.7394645,7.4273495
7568749024@7.4273815/43.7395385,43.7395385,7.4273815
7568749025@7.4274009/43.7395899,43.7395899,7.4274009
11148572588@7.4273909/43.7396200,43.73962,7.4273909
7568749026@7.4273740/43.7396428,43.7396428,7.427374
1699777574@7.4272971/43.7397122,43.7397122,7.4272971
7781182023@7.4175669/43.7265452,43.7265452,7.4175669
1704462684@7.4177043/43.7265896,43.7265896,7.4177043
1868334390@7.4214451/43.7311093,43.7311093,7.4214451
1868334380@7.4214009/43.7309652,43.7309652,7.4214009
2605737746@7.4213454/43.7308167,43.7308167,7.4213454
1868334406@7.4213449/43.7307376,43.7307376,7.4213449
25181793@7.4213752/43.7306931,43.7306931,7.4213752
25181845@7.4237595/43.7301648,43.7301648,7.4237595
1204288346@7.4237801/43.7301726,43.7301726,7.4237801
25181852@7.4240680/43.7302982,43.7302982,7.424068
25181854@7.4247413/43.7306120,43.730612,7.4247413
1702431980@7.4249462/43.7307057,43.7307057,7.4249462
1685062094@7.4308515/43.7433450,43.743345,7.4308515
25239164@7.4309811/43.7435708,43.7435708,7.4309811
1079751085@7.4311699/43.7439165,43.7439165,7.4311699
1778434196@7.4312549/43.7440637,43.7440637,7.4312549
25239165@7.4314689/43.7444379,43.7444379,7.4314689
4939084243@7.4317829/43.7450036,43.7450036,7.4317829
25201041@7.4135491/43.7315061,43.7315061,7.4135491
25201044@7.4135189/43.7316586,43.7316586,7.4135189
25201018@7.4117641/43.7312377,43.7312377,7.4117641
4937556555@7.4120829/43.7312197,43.7312197,7.4120829
25201021@7.4124654/43.7311829,43.7311829,7.4124654
3883559329@7.4200043/43.7387594,43.7387594,7.4200043
1079750568@7.4198758/43.7387972,43.7387972,7.4198758
1079750382@7.4371379/43.7490542,43.7490542,7.4371379
1079750985@7.4372796/43.7490771,43.7490771,7.4372796
29457984@7.4357328/43.7486711,43.7486711,7.4357328
21920872@7.4362390/43.7488925,43.7488925,7.436239
8623016757@7.4366511/43.7490691,43.7490691,7.4366511
3883559299@7.4193710/43.7381177,43.7381177,7.419371
25238708@7.4193605/43.7381353,43.7381353,7.4193605
25238712@7.4193334/43.7381654,43.7381654,7.4193334
1079750132@7.4195296/43.7387607,43.7387607,7.4195296
3883559328@7.4195890/43.7387945,43.7387945,7.419589
25197679@7.4196733/43.7388253,43.7388253,7.4196733
1869347236@7.4157369/43.7314239,43.7314239,7.4157369
1074584727@7.4151996/43.7318780,43.731878,7.4151996
6459866667@7.4137639/43.7328686,43.7328686,7.4137639
250260450@7.4132333/43.7332128,43.7332128,7.4132333
8740887117@7.4125217/43.7335666,43.7335666,7.4125217
1868723938@7.4267074/43.7416333,43.7416333,7.4267074
4970587866@7.4266504/43.7416264,43.7416264,7.4266504
8740887125@7.4265843/43.7416281,43.7416281,7.4265843
12560730545@7.4263417/43.7416496,43.7416496,7.4263417
258071970@7.4263325/43.7416504,43.7416504,7.4263325
4970587875@7.4260717/43.7416717,43.7416717,7.4260717
4970587874@7.4259802/43.7416759,43.7416759,7.4259802
258071974@7.4259025/43.7416736,43.7416736,7.4259025
1868736765@7.4321217/43.7479413,43.7479413,7.4321217
25243190@7.4320689/43.7479586,43.7479586,7.4320689
4874757527@7.4319004/43.7479925,43.7479925,7.4319004
1864130081@7.4317944/43.7480288,43.7480288,7.4317944
25243189@7.4316159/43.7481045,43.7481045,7.4316159
21921527@7.4313585/43.7482138,43.7482138,7.4313585
9081941333@7.4313239/43.7482224,43.7482224,7.4313239
25243188@7.4312851/43.7482252,43.7482252,7.4312851
9081941336@7.4312343/43.7482202,43.7482202,7.4312343
4874757526@7.4311935/43.7482109,43.7482109,7.4311935
4874757524@7.4311560/43.7481954,43.7481954,7.431156
21921516@7.4311224/43.7481707,43.7481707,7.4311224
4874757525@7.4310849/43.7481392,43.7481392,7.4310849
9081941337@7.4310729/43.7481254,43.7481254,7.4310729
1864130082@7.4310609/43.7481020,43.748102,7.4310609
9083927725@7.4127260/43.7322253,43.7322253,7.412726
9083927726@7.4127675/43.7321967,43.7321967,7.4127675
9083927727@7.4128355/43.7321914,43.7321914,7.4128355
1780610182@7.4128939/43.7322013,43.7322013,7.4128939
25200453@7.4136598/43.7334433,43.7334433,7.4136598
9153994029@7.4136402/43.7334333,43.7334333,7.4136402
3242610071@7.4136256/43.7334196,43.7334196,7.4136256
3242610072@7.4136172/43.7334034,43.7334034,7.4136172
3242610073@7.4136157/43.7333861,43.7333861,7.4136157
3242610074@7.4136213/43.7333693,43.7333693,7.4136213
8903609847@7.4136335/43.7333544,43.7333544,7.4136335
3242610063@7.4136512/43.7333427,43.7333427,7.4136512
3242610064@7.4137621/43.7334251,43.7334251,7.4137621
3242610065@7.4137463/43.7334371,43.7334371,7.4137463
3242610066@7.4137265/43.7334454,43.7334454,7.4137265
3242610067@7.4137043/43.7334494,43.7334494,7.4137043
8903609846@7.4136814/43.7334487,43.7334487,7.4136814
25200453@7.4136598/43.7334433,43.7334433,7.4136598
25201018@7.4117641/43.7312377,43.7312377,7.4117641
4329980648@7.4116606/43.7312394,43.7312394,7.4116606
9244492861@7.4115672/43.7312502,43.7312502,7.4115672
4329980647@7.4115150/43.7312563,43.7312563,7.411515
4937556568@7.4114082/43.7312873,43.7312873,7.4114082
9244492860@7.4113137/43.7312991,43.7312991,7.4113137
4329980643@7.4113755/43.7311760,43.731176,7.4113755
4329980644@7.4115156/43.7311978,43.7311978,7.4115156
4329980645@7.4116692/43.7312237,43.7312237,7.4116692
25201018@7.4117641/43.7312377,43.7312377,7.4117641
25201021@7.4124654/43.7311829,43.7311829,7.4124654
25201024@7.4128891/43.7311431,43.7311431,7.4128891
6501789824@7.4129989/43.7311411,43.7311411,7.4129989
25394664@7.4125695/43.7346720,43.734672,7.4125695
11307955318@7.4125405/43.7346888,43.7346888,7.4125405
2270618764@7.4124907/43.7347176,43.7347176,7.4124907
8258629918@7.4124180/43.7347337,43.7347337,7.412418
257159222@7.4123429/43.7347110,43.734711,7.4123429
257159223@7.4122537/43.7346302,43.7346302,7.4122537
1074584856@7.4120857/43.7344453,43.7344453,7.4120857
257159224@7.4118990/43.7341576,43.7341576,7.411899
1074584685@7.4117743/43.7338345,43.7338345,7.4117743
11149777516@7.4117644/43.7337897,43.7337897,7.4117644
1074584933@7.4117234/43.7336049,43.7336049,7.4117234
257159225@7.4117149/43.7334194,43.7334194,7.4117149
1074584776@7.4117902/43.7332582,43.7332582,7.4117902
257159226@7.4118777/43.7330772,43.7330772,7.4118777
9532506792@7.4119480/43.7328947,43.7328947,7.411948
257159227@7.4119474/43.7327971,43.7327971,7.4119474
1074584738@7.4118347/43.7326314,43.7326314,7.4118347
2270618760@7.4117213/43.7324984,43.7324984,7.4117213
257159230@7.4116181/43.7324436,43.7324436,7.4116181
12744203836@7.4115596/43.7324338,43.7324338,7.4115596
257159231@7.4112729/43.7323855,43.7323855,7.4112729
257159232@7.4111824/43.7323857,43.7323857,7.4111824
257159234@7.4111285/43.7324134,43.7324134,7.4111285
1382604916@7.4111244/43.7324524,43.7324524,7.4111244
1074584883@7.4111388/43.7324872,43.7324872,7.4111388
257159235@7.4112709/43.7325796,43.7325796,7.4112709
1074584730@7.4112995/43.7326210,43.732621,7.4112995
280701523@7.4113019/43.7326946,43.7326946,7.4113019
257159236@7.4112268/43.7328745,43.7328745,7.4112268
10744768455@7.4111608/43.7330096,43.7330096,7.4111608
257159237@7.4110890/43.7331269,43.7331269,7.411089
1382605117@7.4108795/43.7334319,43.7334319,7.4108795
257159238@7.4108587/43.7334676,43.7334676,7.4108587
1074584676@7.4107777/43.7337028,43.7337028,7.4107777
1074585039@7.4107189/43.7340233,43.7340233,7.4107189
9332192896@7.4107105/43.7340710,43.734071,7.4107105
9332192895@7.4107002/43.7341051,43.7341051,7.4107002
3411731846@7.4106797/43.7341444,43.7341444,7.4106797
257159239@7.4106586/43.7341692,43.7341692,7.4106586
9332206131@7.4106329/43.7342150,43.734215,7.4106329
9332200794@7.4106127/43.7342649,43.7342649,7.4106127
9332206130@7.4105964/43.7343056,43.7343056,7.4105964
9332200793@7.4105719/43.7343424,43.7343424,7.4105719
257159240@7.4104852/43.7344274,43.7344274,7.4104852
9332200792@7.4104373/43.7344699,43.7344699,7.4104373
9332206127@7.4104194/43.7344850,43.734485,7.4104194
9332200798@7.4104034/43.7344952,43.7344952,7.4104034
9332206120@7.4103879/43.7344996,43.7344996,7.4103879
280701668@7.4103723/43.7345013,43.7345013,7.4103723
9332206121@7.4103554/43.7345011,43.7345011,7.4103554
9332200791@7.4103409/43.7344978,43.7344978,7.4103409
9332206122@7.4103261/43.7344909,43.7344909,7.4103261
257159241@7.4103153/43.7344812,43.7344812,7.4103153
9332206123@7.4103083/43.7344695,43.7344695,7.4103083
9332200790@7.4103061/43.7344567,43.7344567,7.4103061
9332206124@7.4103104/43.7344424,43.7344424,7.4103104
257159242@7.4103195/43.7344304,43.7344304,7.4103195
9332206125@7.4103390/43.7344153,43.7344153,7.410339
9332200799@7.4103609/43.7344020,43.734402,7.4103609
9332206126@7.4103864/43.7343847,43.7343847,7.4103864
257159243@7.4104056/43.7343645,43.7343645,7.4104056
9332206128@7.4104191/43.7343472,43.7343472,7.4104191
9332200797@7.4104314/43.7343296,43.7343296,7.4104314
9332200800@7.4104442/43.7343025,43.7343025,7.4104442
9332206129@7.4104482/43.7342881,43.7342881,7.4104482
1074584773@7.4104482/43.7342731,43.7342731,7.4104482
9332192894@7.4104357/43.7341777,43.7341777,7.4104357
9332192893@7.4104157/43.7340822,43.7340822,7.4104157
9332192891@7.4103718/43.7338913,43.7338913,7.4103718
9332192892@7.4103573/43.7337717,43.7337717,7.4103573
257159244@7.4103504/43.7336493,43.7336493,7.4103504
9332192890@7.4103452/43.7335770,43.733577,7.4103452
9332192889@7.4103324/43.7334938,43.7334938,7.4103324
257159245@7.4102916/43.7333383,43.7333383,7.4102916
9332192888@7.4102665/43.7332109,43.7332109,7.4102665
257159246@7.4102462/43.7330740,43.733074,7.4102462
9332192886@7.4102227/43.7329997,43.7329997,7.4102227
9332192887@7.4102115/43.7329575,43.7329575,7.4102115
9332192901@7.4102099/43.7329356,43.7329356,7.4102099
257159247@7.4102060/43.7329167,43.7329167,7.410206
9332192902@7.4101967/43.7329060,43.732906,7.4101967
9332192885@7.4101819/43.7328952,43.7328952,7.4101819
9332192905@7.4101670/43.7328890,43.732889,7.410167
257159248@7.4101486/43.7328845,43.7328845,7.4101486
9332192907@7.4101361/43.7328812,43.7328812,7.4101361
9332192884@7.4101249/43.7328798,43.7328798,7.4101249
9332192906@7.4101126/43.7328807,43.7328807,7.4101126
9332192903@7.4101040/43.7328825,43.7328825,7.410104
1382604951@7.4100858/43.7328907,43.7328907,7.4100858
9332192883@7.4100736/43.7329064,43.7329064,7.4100736
9332192904@7.4100691/43.7329173,43.7329173,7.4100691
1074584596@7.4100650/43.7329287,43.7329287,7.410065
9332192882@7.4100614/43.7329484,43.7329484,7.4100614
9332192881@7.4100621/43.7329685,43.7329685,7.4100621
9332192908@7.4100665/43.7329990,43.732999,7.4100665
257159249@7.4100729/43.7330341,43.7330341,7.4100729
9332192909@7.4100777/43.7330821,43.7330821,7.4100777
257159250@7.4100749/43.7331547,43.7331547,7.4100749
257159251@7.4100510/43.7335404,43.7335404,7.410051
257159252@7.4099851/43.7340717,43.7340717,7.4099851
11294006010@7.4099597/43.7341210,43.734121,7.4099597
1074584890@7.4099182/43.7341767,43.7341767,7.4099182
9513936356@7.4096963/43.7344946,43.7344946,7.4096963
9534596164@7.4096695/43.7345837,43.7345837,7.4096695
1074584735@7.4096580/43.7346996,43.7346996,7.409658
11294006009@7.4096672/43.7347914,43.7347914,7.4096672
10744768457@7.4097057/43.7349423,43.7349423,7.4097057
11294006008@7.4096984/43.7350304,43.7350304,7.4096984
10744768458@7.4096748/43.7351060,43.735106,7.4096748
10744768459@7.4096976/43.7355367,43.7355367,7.4096976
11294006007@7.4096973/43.7356472,43.7356472,7.4096973
257159254@7.4096895/43.7357123,43.7357123,7.4096895
11294006006@7.4096579/43.7358148,43.7358148,7.4096579
9529283217@7.4096185/43.7359253,43.7359253,7.4096185
10744768460@7.4095394/43.7360886,43.7360886,7.4095394
257159255@7.4094569/43.7362431,43.7362431,7.4094569
257159256@7.4086894/43.7373042,43.7373042,7.4086894
257159257@7.4082130/43.7380223,43.7380223,7.408213
1074584688@7.4081359/43.7383164,43.7383164,7.4081359
257159258@7.4080973/43.7383923,43.7383923,7.4080973
2111071121@7.4080673/43.7384206,43.7384206,7.4080673
1074585009@7.4218620/43.7331969,43.7331969,7.421862
10665602345@7.4218120/43.7333004,43.7333004,7.421812
6444966490@7.4217800/43.7333746,43.7333746,7.42178
25193317@7.4217530/43.7334401,43.7334401,7.421753
6485592115@7.4217145/43.7335478,43.7335478,7.4217145
1872567066@7.4217098/43.7335584,43.7335584,7.4217098
6444966491@7.4217050/43.7335705,43.7335705,7.421705
252377857@7.4216930/43.7336006,43.7336006,7.421693
6444966493@7.4216373/43.7337308,43.7337308,7.4216373
1770577831@7.4215941/43.7338388,43.7338388,7.4215941
6444966494@7.4215690/43.7339007,43.7339007,7.421569
25193330@7.4215567/43.7339309,43.7339309,7.4215567
6485592117@7.4215368/43.7339825,43.7339825,7.4215368
6444966495@7.4215295/43.7340015,43.7340015,7.4215295
1720683712@7.4214815/43.7341258,43.7341258,7.4214815
6340961555@7.4214304/43.7342658,43.7342658,7.4214304
6485592118@7.4214102/43.7343333,43.7343333,7.4214102
6444966498@7.4214022/43.7343601,43.7343601,7.4214022
1204288371@7.4213956/43.7343821,43.7343821,7.4213956
1868404468@7.4213847/43.7344280,43.734428,7.4213847
25194413@7.4185417/43.7342778,43.7342778,7.4185417
3883559121@7.4185111/43.7342161,43.7342161,7.4185111
1347551348@7.4184945/43.7341684,43.7341684,7.4184945
1204288467@7.4184938/43.7341445,43.7341445,7.4184938
25194391@7.4185130/43.7340458,43.7340458,7.418513
11158309940@7.4185261/43.7339910,43.733991,7.4185261
25195517@7.4186264/43.7335726,43.7335726,7.4186264
8047787774@7.4186455/43.7335001,43.7335001,7.4186455
25194304@7.4187615/43.7330610,43.733061,7.4187615
11158309929@7.4188522/43.7328104,43.7328104,7.4188522
252419005@7.4188947/43.7327273,43.7327273,7.4188947
4937556542@7.4189105/43.7326897,43.7326897,7.4189105
6510744221@7.4189183/43.7326676,43.7326676,7.4189183
4937556541@7.4189202/43.7326475,43.7326475,7.4189202
4937556549@7.4189167/43.7326040,43.732604,7.4189167
4937556543@7.4189078/43.7325759,43.7325759,7.4189078
1866422978@7.4188882/43.7325457,43.7325457,7.4188882
21917308@7.4259854/43.7409847,43.7409847,7.4259854
1794111175@7.4260422/43.7410413,43.7410413,7.4260422
7368382153@7.4261545/43.7411298,43.7411298,7.4261545
1868723940@7.4264042/43.7412959,43.7412959,7.4264042
11146701016@7.4265803/43.7414196,43.7414196,7.4265803
1868723921@7.4266677/43.7414809,43.7414809,7.4266677
6340961563@7.4267008/43.7415133,43.7415133,7.4267008
1868723931@7.4267444/43.7415707,43.7415707,7.4267444
443501354@7.4104982/43.7310528,43.7310528,7.4104982
6482706098@7.4105613/43.7310656,43.7310656,7.4105613
4329992817@7.4106015/43.7310737,43.7310737,7.4106015
9447253650@7.4294382/43.7341382,43.7341382,7.4294382
9447253647@7.4298133/43.7344712,43.7344712,7.4298133
9447253647@7.4298133/43.7344712,43.7344712,7.4298133
1878520547@7.4297601/43.7345031,43.7345031,7.4297601
9447253652@7.4297359/43.7345105,43.7345105,7.4297359
9447253651@7.4297115/43.7345075,43.7345075,7.4297115
9447253653@7.4296908/43.7344969,43.7344969,7.4296908
1878520635@7.4295643/43.7343832,43.7343832,7.4295643
384587175@7.4285870/43.7333887,43.7333887,7.428587
1079750543@7.4290575/43.7337991,43.7337991,7.4290575
1079750543@7.4290575/43.7337991,43.7337991,7.4290575
9446115299@7.4290612/43.7338279,43.7338279,7.4290612
384587177@7.4290583/43.7338557,43.7338557,7.4290583
1738415138@7.4289837/43.7339747,43.7339747,7.4289837
1759785756@7.4290317/43.7339029,43.7339029,7.4290317
384587177@7.4290583/43.7338557,43.7338557,7.4290583
2626888280@7.4104454/43.7289048,43.7289048,7.4104454
9722174447@7.4103220/43.7287863,43.7287863,7.410322
9722174446@7.4102896/43.7287571,43.7287571,7.4102896
254470730@7.4152721/43.7261352,43.7261352,7.4152721
4452216554@7.4146516/43.7258002,43.7258002,7.4146516
4452216532@7.4141502/43.7255435,43.7255435,7.4141502
254470731@7.4140366/43.7255185,43.7255185,7.4140366
4452216530@7.4139365/43.7255114,43.7255114,7.4139365
7340445021@7.4138494/43.7255223,43.7255223,7.4138494
4452216533@7.4136190/43.7255532,43.7255532,7.413619
11149937218@7.4135731/43.7255498,43.7255498,7.4135731
4452216531@7.4135331/43.7255368,43.7255368,7.4135331
11149937219@7.4135070/43.7255191,43.7255191,7.413507
254470732@7.4134912/43.7254951,43.7254951,7.4134912
4921060826@7.4134426/43.7252460,43.725246,7.4134426
254470734@7.4134171/43.7251279,43.7251279,7.4134171
254470735@7.4134244/43.7250892,43.7250892,7.4134244
4452216516@7.4134537/43.7250559,43.7250559,7.4134537
4452216514@7.4135054/43.7250320,43.725032,7.4135054
4452216512@7.4135825/43.7250239,43.7250239,7.4135825
4452216513@7.4136629/43.7250268,43.7250268,7.4136629
4452216511@7.4137287/43.7250229,43.7250229,7.4137287
1704462469@7.4137924/43.7250065,43.7250065,7.4137924
1704462466@7.4139234/43.7249655,43.7249655,7.4139234
1704462459@7.4142244/43.7249232,43.7249232,7.4142244
1704462458@7.4144765/43.7248469,43.7248469,7.4144765
1704462429@7.4158389/43.7241590,43.724159,7.4158389
3068739808@7.4158581/43.7233964,43.7233964,7.4158581
1704462428@7.4165324/43.7234535,43.7234535,7.4165324
1704462430@7.4180201/43.7245490,43.724549,7.4180201
9914391776@7.4180409/43.7246844,43.7246844,7.4180409
1704462439@7.4180998/43.7247050,43.724705,7.4180998
254470730@7.4152721/43.7261352,43.7261352,7.4152721
9914391777@7.4152772/43.7261144,43.7261144,7.4152772
9914391763@7.4152994/43.7260943,43.7260943,7.4152994
9914391774@7.4154062/43.7260479,43.7260479,7.4154062
9914391770@7.4155343/43.7259784,43.7259784,7.4155343
11149937216@7.4166550/43.7253989,43.7253989,7.416655
9914391776@7.4180409/43.7246844,43.7246844,7.4180409
941678579@7.4186631/43.7322474,43.7322474,7.4186631
1074584632@7.4188525/43.7323654,43.7323654,7.4188525
4939084245@7.4354656/43.7483892,43.7483892,7.4354656
10665719669@7.4353207/43.7483206,43.7483206,7.4353207
4226573530@7.4352021/43.7482505,43.7482505,7.4352021
1079751297@7.4351346/43.7482033,43.7482033,7.4351346
10688011486@7.4350996/43.7481679,43.7481679,7.4350996
642353788@7.4348795/43.7476316,43.7476316,7.4348795
642353794@7.4349125/43.7477017,43.7477017,7.4349125
21919090@7.4349591/43.7478074,43.7478074,7.4349591
642353804@7.4350380/43.7479511,43.7479511,7.435038
1079751198@7.4350930/43.7480365,43.7480365,7.435093
10665719668@7.4351437/43.7480992,43.7480992,7.4351437
9400287691@7.4351900/43.7481424,43.7481424,7.43519
6485591888@7.4295273/43.7409524,43.7409524,7.4295273
10687075426@7.4296425/43.7409697,43.7409697,7.4296425
5466881416@7.4296871/43.7409778,43.7409778,7.4296871
273246211@7.4297697/43.7410018,43.7410018,7.4297697
273245506@7.4297390/43.7414891,43.7414891,7.429739
267985353@7.4297438/43.7413520,43.741352,7.4297438
25177167@7.4147839/43.7306609,43.7306609,7.4147839
6851350856@7.4148944/43.7306924,43.7306924,7.4148944
4940249420@7.4155679/43.7311524,43.7311524,7.4155679
4940249419@7.4156638/43.7312121,43.7312121,7.4156638
1868736596@7.4157070/43.7312415,43.7312415,7.415707
21914343@7.4279727/43.7377783,43.7377783,7.4279727
11407697331@7.4280368/43.7378020,43.737802,7.4280368
9954248555@7.4382131/43.7497432,43.7497432,7.4382131
4940452748@7.4386022/43.7499111,43.7499111,7.4386022
1352205619@7.4149069/43.7341833,43.7341833,7.4149069
10665475075@7.4149386/43.7342219,43.7342219,7.4149386
25198915@7.4149811/43.7342737,43.7342737,7.4149811
3781343908@7.4150262/43.7343334,43.7343334,7.4150262
10665475078@7.4150352/43.7343461,43.7343461,7.4150352
8829633355@7.4150835/43.7344132,43.7344132,7.4150835
1079750946@7.4317125/43.7451533,43.7451533,7.4317125
1079750942@7.4316697/43.7450773,43.7450773,7.4316697
1079751260@7.4313351/43.7444778,43.7444778,7.4313351
10688011475@7.4312093/43.7442513,43.7442513,7.4312093
1079751172@7.4310358/43.7439544,43.7439544,7.4310358
10665719660@7.4306375/43.7432520,43.743252,7.4306375
1079750606@7.4305599/43.7430744,43.7430744,7.4305599
1079750840@7.4305137/43.7429082,43.7429082,7.4305137
1079750202@7.4305032/43.7428351,43.7428351,7.4305032
4939084243@7.4317829/43.7450036,43.7450036,7.4317829
1079750483@7.4318045/43.7450422,43.7450422,7.4318045
11146474542@7.4318299/43.7450893,43.7450893,7.4318299
1079751174@7.4318453/43.7451179,43.7451179,7.4318453
11554321882@7.4286583/43.7459023,43.7459023,7.4286583
11554321883@7.4287081/43.7459394,43.7459394,7.4287081
2068588851@7.4287495/43.7459592,43.7459592,7.4287495
1790048628@7.4286767/43.7459830,43.745983,7.4286767
1204288323@7.4286669/43.7459301,43.7459301,7.4286669
11554321882@7.4286583/43.7459023,43.7459023,7.4286583
12281555154@7.4157601/43.7314006,43.7314006,7.4157601
1869347236@7.4157369/43.7314239,43.7314239,7.4157369
12281555155@7.4157796/43.7314126,43.7314126,7.4157796
1869347236@7.4157369/43.7314239,43.7314239,7.4157369
257158605@7.4173557/43.7372467,43.7372467,7.4173557
12606875630@7.4173741/43.7372103,43.7372103,7.4173741
12606875631@7.4174056/43.7371756,43.7371756,7.4174056
12606875632@7.4174773/43.7371514,43.7371514,7.4174773
